0000DD	TCL
0000F0	Samsung
00016B	HTC
000278	Samsung
0002D1	vivo
000393	Apple
00047D	Motorola
000502	Apple
00061B	Lenovo
000714	HTC
0007AB	Samsung
000918	Samsung
00092D	HTC
000947	ZTE
000A0E	vivo
000A27	Apple
000A28	Motorola
000A95	Apple
000C6E	ASUS
000D93	Apple
000DAE	Samsung
000DE5	Samsung
000E1F	TCL
000EA6	ASUS
000EC7	Motorola
0010FA	Apple
001124	Apple
00112F	ASUS
0011D8	ASUS
001247	Samsung
0012FB	Samsung
0012FE	Lenovo
001352	ZTE
001377	Samsung
0013D4	ASUS
001451	Apple
001599	Samsung
0015B9	Samsung
0015EB	ZTE
0015F2	ASUS
001632	Samsung
00166B	Samsung
00166C	Samsung
0016CB	Apple
0016DB	Samsung
001731	ASUS
0017C9	Samsung
0017D5	Samsung
0017F2	Apple
001882	Huawei
001885	Motorola
0018AF	Samsung
0018F3	ASUS
001981	vivo
0019C6	ZTE
0019E3	Apple
001A11	Google
001A8A	Samsung
001A92	ASUS
001AE7	ZTE
001AEE	ZTE
001B63	Apple
001B98	Samsung
001BFC	ASUS
001C43	Samsung
001C50	TCL
001C62	LG
001CB3	Apple
001D25	Samsung
001D4F	Apple
001D60	ASUS
001DF6	Samsung
001DFB	TCL
001E10	Huawei
001E52	Apple
001E73	ZTE
001E75	LG
001E7D	Samsung
001E8C	ASUS
001EC2	Apple
001EE1	Samsung
001EE2	Samsung
001F07	ZTE
001F5B	Apple
001F6B	LG
001F92	Motorola
001FC6	ASUS
001FCC	Samsung
001FCD	Samsung
001FE3	LG
001FF3	Apple
002075	Motorola
002119	Samsung
00214C	Samsung
0021D1	Samsung
0021D2	Samsung
0021E9	Apple
0021FB	LG
002215	ASUS
002241	Apple
002293	ZTE
0022A1	Huawei
0022A9	LG
0022DE	OPPO
002312	Apple
002332	Apple
002339	Samsung
00233A	Samsung
002354	ASUS
00236C	Apple
002376	HTC
002399	Samsung
0023C2	Samsung
0023D6	Samsung
0023D7	Samsung
0023DF	Apple
002436	Apple
002437	Motorola
002447	ZTE
002454	Samsung
002483	LG
00248C	ASUS
002490	Samsung
002491	Samsung
002492	Motorola
0024E9	Samsung
002500	Apple
002512	ZTE
002524	HTC
002538	Samsung
00254B	Apple
002566	Samsung
002567	Samsung
002568	Huawei
00259E	Huawei
0025BC	Apple
0025E5	LG
002608	Apple
002618	ASUS
002637	Samsung
00264A	Apple
00265D	Samsung
00265F	Samsung
002675	ZTE
0026B0	Apple
0026BB	Apple
0026E2	LG
0026ED	ZTE
002B70	Samsung
002EC7	Huawei
00300A	ZTE
003065	Apple
0034DA	LG
0034FE	Huawei
003DE1	Huawei
003DE8	LG
003EC4	Huawei
003EE1	Apple
00464B	Huawei
004A77	ZTE
004B0D	Huawei
004F1A	Huawei
0050E4	Apple
00566D	Huawei
0056CD	Apple
0056F1	ZTE
0057C1	LG
005907	Lenovo
005A13	Huawei
005B94	Apple
005E0C	Nokia / HMD
006151	Huawei
006171	Apple
006201	Motorola
006619	Huawei
00664B	Huawei
0066DC	Apple
00682B	Huawei
006B6F	Huawei
006D52	Apple
006F64	Samsung
007204	Samsung
0073E0	Samsung
007C2D	Samsung
007D3B	Samsung
007D60	Apple
00812A	Apple
008320	Huawei
008701	Samsung
008865	Apple
008A55	Huawei
008A76	Apple
009235	Apple
0094EC	Huawei
0097F1	Apple
00991D	Huawei
009ACD	Huawei
009CC0	vivo
009EC8	Xiaomi
00A040	Apple
00A0BF	Motorola
00A159	LG
00A307	Honor
00A45F	Huawei
00A91D	Huawei
00AA70	LG
00ADD5	Huawei
00B362	Apple
00B5D0	Samsung
00B8B6	Motorola
00BB1C	Huawei
00BE3B	Huawei
00BF61	Samsung
00C30A	Xiaomi
00C3F4	Samsung
00C585	Apple
00C610	Apple
00CAE0	OPPO
00CC05	Huawei
00CDFE	Apple
00D8A2	Huawei
00DB70	Apple
00E00C	Motorola
00E018	ASUS
00E064	Samsung
00E091	LG
00E0FC	Huawei
00E12F	Huawei
00E3B2	Samsung
00E406	Huawei
00E7E3	ZTE
00EC0A	Xiaomi
00EEBD	HTC
00F39F	Apple
00F46F	Samsung
00F4B9	Apple
00F5FD	Huawei
00F620	Google
00F76F	Apple
00F7AD	Huawei
00F81C	Huawei
00F952	Huawei
00FA21	Samsung
00FADE	Motorola
04006E	Google
04021F	Huawei
040CCE	Apple
04106B	Xiaomi
04137A	Apple
041471	Huawei
041552	Apple
04180F	Samsung
041892	Huawei
041B6D	LG
041BBA	Samsung
041DC7	ZTE
041E64	Apple
041FB8	vivo
042084	ZTE
042405	OPPO
0425C5	Huawei
042665	Apple
042758	Huawei
04292E	Samsung
042EC1	Apple
04331F	Huawei
043389	Huawei
0434CF	Apple
0434F6	Motorola
0441A5	Apple
04421A	ASUS
04489A	Apple
04495D	Huawei
044A6C	Huawei
044BB1	Huawei
044BED	Apple
044F4C	Huawei
0452F3	Apple
045453	Apple
0455B8	Huawei
045A3D	Nothing
0463D0	Huawei
046761	Xiaomi
046865	Apple
0469F8	Apple
046ECB	ZTE
046F00	LG
047295	Apple
0472EF	Apple
04749E	Huawei
047503	Huawei
047970	Huawei
047975	Honor
047A0B	Xiaomi
047AAE	Huawei
04801A	Huawei
04885F	Huawei
048C16	Huawei
048C9A	Huawei
049226	ASUS
049573	ZTE
0499B9	Apple
0499BB	Apple
049D05	Apple
049FCA	Huawei
04A81C	Huawei
04AE47	Xiaomi
04B0E7	Huawei
04B167	Xiaomi
04B1A1	Samsung
04B429	Samsung
04B5B2	Apple
04B9E3	Samsung
04BA1C	Huawei
04BA8D	Samsung
04BC6D	Apple
04BD70	Huawei
04BDBF	Samsung
04BE58	Huawei
04BFD5	Apple
04C06F	Huawei
04C1D8	Huawei
04C23E	HTC
04C807	Xiaomi
04C8B0	Google
04CAED	Huawei
04CB01	Samsung
04CCBC	Huawei
04CF8C	Xiaomi
04D13A	Xiaomi
04D395	Motorola
04D3B5	Huawei
04D3CF	Apple
04D4C4	ASUS
04D6AA	Samsung
04D9F5	ASUS
04DB56	Apple
04DBD9	OPPO
04E4B6	Samsung
04E536	Apple
04E598	Xiaomi
04E795	Huawei
04F03E	Huawei
04F128	Nokia / HMD
04F13E	Apple
04F169	Huawei
04F352	Huawei
04F7E4	Apple
04F938	Huawei
04FE31	Samsung
04FE8D	Huawei
04FF08	Huawei
080007	Apple
080205	Huawei
08023C	Samsung
0808C2	Samsung
081093	Samsung
08152F	Samsung
0816E3	Huawei
08181A	ZTE
0819A6	Huawei
081AFD	Huawei
081C6E	Xiaomi
0821EF	Samsung
0823B2	vivo
0823C6	Huawei
08240B	Apple
082525	Xiaomi
082573	Apple
08276B	Huawei
082CB6	Apple
082E36	Huawei
082FE9	Huawei
08318B	Huawei
0831A4	Huawei
08373D	Samsung
0838E6	Motorola
083D88	Samsung
083F21	Motorola
083FBC	ZTE
084473	ZTE
084ACF	OPPO
084F0A	Huawei
085104	Huawei
085C1B	Huawei
085D53	Apple
08606E	ASUS
086083	ZTE
086202	Apple
086266	ASUS
086361	Huawei
086518	Apple
086698	Apple
086D41	Apple
086E9C	Huawei
087045	Apple
087073	Huawei
087402	Apple
087808	Samsung
08798C	Huawei
087A4C	Huawei
087C43	Huawei
087F98	vivo
0884FB	Honor
0887C7	Apple
088BC8	Google
088C2C	Samsung
088EDC	Apple
089356	Huawei
0894EC	Huawei
089542	Apple
089AC7	ZTE
089E08	Google
089E84	Huawei
08A5DF	Samsung
08A842	Huawei
08AA55	Motorola
08AA89	ZTE
08AED6	Samsung
08B339	Xiaomi
08B3AF	vivo
08B3D6	Huawei
08B4B1	Google
08BFA0	Samsung
08BFB8	ASUS
08C021	Huawei
08C06C	Huawei
08C3B3	TCL
08C5E1	Samsung
08C729	Apple
08C7B5	Apple
08CC27	Motorola
08D42B	Samsung
08D46A	LG
08D945	Huawei
08DD03	OPPO
08DD82	Huawei
08E021	Honor
08E63B	ZTE
08E64B	Apple
08E689	Apple
08E7E5	Huawei
08E84F	Huawei
08EBF6	Huawei
08ECA9	Samsung
08EE8B	Samsung
08F458	Huawei
08F4AB	Apple
08F606	ZTE
08F69C	Apple
08F8BC	Apple
08FA28	Huawei
08FA79	vivo
08FC88	Samsung
08FD0E	Samsung
08FD58	Huawei
08FF44	Apple
0C014B	ZTE
0C01A5	ZTE
0C02BD	Samsung
0C07DF	Xiaomi
0C07F3	Huawei
0C0ECB	Huawei
0C1262	ZTE
0C1420	Samsung
0C1539	Apple
0C1563	Apple
0C1773	Huawei
0C184E	Huawei
0C19F8	Apple
0C1DAF	Xiaomi
0C20D3	vivo
0C238D	Huawei
0C2C54	Huawei
0C2D71	Apple
0C2E57	Huawei
0C2FB0	Samsung
0C2FD1	Huawei
0C3021	Apple
0C31DC	Huawei
0C323A	Samsung
0C3747	ZTE
0C37DC	Huawei
0C3B50	Apple
0C3E9F	Apple
0C41E9	Huawei
0C44C0	ZTE
0C45BA	Huawei
0C4885	LG
0C4DE9	Apple
0C4F9B	Huawei
0C5101	Apple
0C517E	Apple
0C53B7	Apple
0C6046	vivo
0C6743	Huawei
0C6AC4	Apple
0C6F8B	Apple
0C704A	Huawei
0C715D	Samsung
0C7165	Motorola
0C72D9	ZTE
0C74C2	Apple
0C771A	Apple
0C7DB0	Motorola
0C8306	Huawei
0C839A	Huawei
0C8408	Huawei
0C85E1	Apple
0C8910	Samsung
0C8BA2	Huawei
0C8DCA	Samsung
0C8FFF	Huawei
0C9043	realme
0C938F	OPPO
0C96BF	Huawei
0C9838	Xiaomi
0C9D92	ASUS
0CA3B2	Apple
0CA8A7	Samsung
0CB319	Samsung
0CB527	Huawei
0CB5B3	Huawei
0CB787	Huawei
0CB789	Honor
0CB78E	Huawei
0CB7EC	Huawei
0CB983	Honor
0CBC9F	Apple
0CBD75	OPPO
0CBEF1	Huawei
0CC413	Google
0CC56C	Apple
0CC6CC	Huawei
0CC6FD	Xiaomi
0CCB85	Motorola
0CCC5D	Apple
0CD6BD	Huawei
0CD746	Apple
0CDBEA	Apple
0CDFA4	Samsung
0CE0DC	Samsung
0CE441	Apple
0CE4A0	Huawei
0CE5A1	Apple
0CE5B5	Huawei
0CE623	Huawei
0CE67C	realme
0CEC8D	Motorola
0CEDC8	Xiaomi
0CF346	Xiaomi
0CFC18	Huawei
100020	Apple
100177	Huawei
1007B6	Samsung
100D8C	Huawei
101081	ZTE
101212	vivo
1012D0	ZTE
1016B1	OPPO
101B54	Huawei
101C0C	Apple
101DC0	Samsung
102407	Huawei
102959	Apple
1029AB	Samsung
102AB3	Xiaomi
102B1C	Motorola
102B41	Samsung
102FCA	Apple
103025	Apple
103047	Samsung
10321D	Huawei
10327E	Huawei
103917	Samsung
103B54	Huawei
103B59	Samsung
103C59	ZTE
103F44	Xiaomi
1040F3	Apple
10417F	Apple
104210	Apple
104400	Huawei
104780	Huawei
10490E	Huawei
105172	Huawei
1052BD	Huawei
105DDC	Huawei
1067A3	Huawei
10683F	LG
107100	Huawei
1071FA	OPPO
10746F	Motorola
1077B1	Samsung
107B44	ASUS
107C61	ASUS
107DC8	Apple
1082D7	realme
1086F4	Huawei
1088D3	Huawei
1089FB	Samsung
108EE0	Samsung
108FFE	Huawei
109266	Samsung
1093E9	Apple
1094BB	Apple
1094EF	Huawei
109ADD	Apple
109D7A	Huawei
109E6B	Apple
109F41	Apple
10A1DA	Apple
10A2D3	Apple
10A30F	Huawei
10A4C9	Apple
10A4DA	Huawei
10ABC9	Samsung
10B1F8	Huawei
10B588	Apple
10B9C4	Apple
10BC36	Huawei
10BC97	vivo
10BD3A	Apple
10BF48	ASUS
10C172	Huawei
10C197	Xiaomi
10C37B	ASUS
10C3AB	Huawei
10C595	Lenovo
10C61F	Huawei
10CD54	Huawei
10CEE9	Apple
10CF0F	Apple
10D0AB	ZTE
10D38A	Samsung
10D542	Samsung
10D9A2	Google
10DA49	Huawei
10DA63	Apple
10DDB1	Apple
10E2C9	Apple
10E4C2	Samsung
10E953	Huawei
10EC81	Samsung
10F1F2	LG
10F605	realme
10F681	vivo
10F96F	LG
10FC33	Huawei
14007D	ZTE
140152	Samsung
140338	Huawei
140498	Apple
140589	Motorola
1409B4	ZTE
1409DC	Huawei
140B9E	Samsung
14109F	Apple
1413FB	Huawei
14147D	Apple
141A97	Apple
141AA3	Motorola
141BA0	Apple
141F78	Samsung
142004	ZTE
14205E	Apple
14223B	Google
14230A	Huawei
142876	Apple
142D4D	Apple
143004	Huawei
1430C6	Motorola
1432D1	Samsung
1435B7	Apple
1436C6	Lenovo
1438FA	Motorola
143B51	Huawei
143CC3	Huawei
143EBF	ZTE
144658	Huawei
14472D	OPPO
144920	Huawei
1449C5	Huawei
1449D4	Xiaomi
1449E0	Samsung
145120	Huawei
145594	Huawei
14563A	Huawei
14568E	Samsung
14579F	Huawei
145A05	Apple
145E69	OPPO
145EBC	Huawei
145F94	Huawei
146080	ZTE
1460CB	Apple
1461A4	Honor
14656A	Huawei
146B9A	ZTE
147740	Huawei
147AE4	Apple
147DDA	Apple
147FCE	Apple
148509	Apple
14876A	Apple
1488E6	Apple
1489CB	Huawei
1489FD	Samsung
148C4A	Huawei
148F79	Apple
148FC6	Apple
14907A	Xiaomi
14946C	Apple
1495CE	Apple
1496E5	Samsung
149877	Apple
14993E	Xiaomi
1499E2	Apple
149AA3	Huawei
149BF3	OPPO
149D09	Huawei
149D99	Apple
149F3C	Samsung
149FE8	Lenovo
14A0F8	Huawei
14A32F	Huawei
14A364	Samsung
14A3B4	Huawei
14A51A	Huawei
14A6B9	Samsung
14AB02	Huawei
14B484	Samsung
14B653	Apple
14B903	Huawei
14B968	Huawei
14BB6E	Samsung
14BD61	Apple
14C14E	Google
14C213	Apple
14C697	OPPO
14C88B	Apple
14C913	LG
14CA56	ZTE
14D00D	Apple
14D11F	Huawei
14D169	Huawei
14D19E	Apple
14D1D4	Huawei
14D55C	Apple
14D881	Xiaomi
14DAB9	Huawei
14DAE9	ASUS
14DD9C	vivo
14DDA9	ASUS
14DE39	Huawei
14E01D	Samsung
14EB08	Huawei
14F287	Apple
14F42A	Samsung
14F65A	Xiaomi
14FB70	Huawei
1801F1	Xiaomi
18022D	Huawei
1802AE	vivo
180403	vivo
180BD0	Huawei
18132D	ZTE
1816C9	Samsung
1819D6	Samsung
181EB0	Samsung
182012	ZTE
182032	Apple
182195	Samsung
18227E	Samsung
182654	Samsung
182666	Samsung
182A57	Huawei
1831BF	ASUS
1832DE	Apple
183386	Huawei
183451	Apple
183A2D	Samsung
183CB7	Huawei
183D5E	Huawei
183EEF	Apple
183F47	Samsung
183F70	Apple
1844E6	ZTE
184617	Samsung
184A53	Apple
184E03	Nokia / HMD
184E16	Samsung
184ECB	Samsung
1854CF	Samsung
1855E3	Apple
185644	Huawei
1856C3	Apple
185936	Xiaomi
185BB3	Samsung
185E0B	ZTE
185F27	Motorola
186590	Apple
1867B0	Samsung
18686A	ZTE
1869D4	Samsung
18703B	Huawei
1879FD	ZTE
187EB9	Apple
18810E	Apple
188331	Samsung
188740	Xiaomi
188796	HTC
18895B	Samsung
189E2C	Huawei
189EFC	Apple
18A084	Apple
18AA0F	Huawei
18AB1D	Samsung
18ACC2	TCL
18AF61	Apple
18AF8F	Apple
18B0A4	ZTE
18B657	Huawei
18B83D	Samsung
18B842	Apple
18BB1C	Huawei
18BB41	Huawei
18BFB3	Samsung
18C007	Huawei
18C58A	Huawei
18CAA7	ZTE
18CE94	Samsung
18CF24	Huawei
18D0C5	OPPO
18D276	Huawei
18D6DD	Huawei
18D717	OPPO
18D98F	Huawei
18DED7	Huawei
18E29F	vivo
18E2C2	Samsung
18E671	Apple
18E777	vivo
18E7B0	Apple
18E7F4	Apple
18E91D	Huawei
18EE69	Apple
18F0E4	Xiaomi
18F1D8	Apple
18F643	Apple
18FAB7	Apple
1C0219	OPPO
1C0D7D	Apple
1C0EAF	Huawei
1C0EC2	Apple
1C112F	vivo
1C1386	Huawei
1C13FA	Huawei
1C151F	Huawei
1C1AC0	Apple
1C1D67	Huawei
1C1DD3	Apple
1C1FF1	Huawei
1C20DB	Huawei
1C232C	Samsung
1C2575	Xiaomi
1C2704	ZTE
1C2AB0	Xiaomi
1C32AC	Huawei
1C3576	Samsung
1C36BB	Apple
1C3ADE	Samsung
1C3B62	Nokia / HMD
1C3C78	Apple
1C3CD4	Huawei
1C3D2F	Huawei
1C427D	OPPO
1C42C2	Huawei
1C4363	Huawei
1C472F	Huawei
1C48CE	OPPO
1C53F9	Google
1C56FE	Motorola
1C57DC	Apple
1C599B	Huawei
1C5A3E	Samsung
1C5CF2	Apple
1C61BF	Apple
1C627E	Huawei
1C62B8	Samsung
1C64F0	Motorola
1C66AA	Samsung
1C674A	ZTE
1C6758	Huawei
1C6A76	Apple
1C7055	Huawei
1C7125	Apple
1C73E2	Huawei
1C76F2	Samsung
1C7754	Apple
1C77F6	OPPO
1C7A43	vivo
1C7ACF	vivo
1C7F2C	Huawei
1C8682	Apple
1C869A	Samsung
1C872C	ASUS
1C8BEF	Xiaomi
1C8E2A	Apple
1C8E5C	Huawei
1C9148	Apple
1C9180	Apple
1C99DB	Huawei
1C9E46	Apple
1CA681	Huawei
1CABA7	Apple
1CAECB	Huawei
1CAF05	Samsung
1CAF4A	Samsung
1CB094	HTC
1CB3C9	Apple
1CB46C	Huawei
1CB72C	ASUS
1CB796	Huawei
1CBAB8	vivo
1CC3EB	OPPO
1CC992	Honor
1CCCD6	Xiaomi
1CD107	realme
1CDA27	vivo
1CDDEA	OPPO
1CE209	Apple
1CE504	Huawei
1CE57F	Samsung
1CE61D	Samsung
1CE62B	Apple
1CE639	Huawei
1CE6AD	Huawei
1CEAAC	Xiaomi
1CF29A	Google
1CF42B	Huawei
1CF64C	Apple
1CF8D0	Samsung
1CF9D5	Apple
1CFC2A	Huawei
1CFFAD	Huawei
200484	Apple
2004F3	Honor
200889	ZTE
2008ED	Huawei
200BC7	Huawei
200E2B	Apple
20108A	ZTE
2013E0	Samsung
2014C4	Huawei
201582	Apple
2015DE	Samsung
201742	LG
201A94	Apple
201E1D	Huawei
201F3B	Google
202051	ZTE
2021A5	LG
2025CC	Xiaomi
202680	Samsung
20283E	Huawei
202BC1	Huawei
202D07	Samsung
202DF6	Apple
20311C	vivo
20326C	Samsung
2032C6	Apple
203389	Google
203462	Xiaomi
2034FB	Xiaomi
2036D0	Motorola
2037A5	Apple
203956	Nokia / HMD
203AEB	ZTE
203B34	Xiaomi
203B67	Samsung
203B69	vivo
203CAE	Apple
203DB2	Huawei
20463A	Apple
2047DA	Xiaomi
20521D	Apple
205383	Huawei
2054FA	Huawei
205531	Samsung
205A1D	ZTE
205D47	vivo
205E64	Huawei
205EF7	Samsung
206432	Samsung
2064CB	OPPO
20658E	Huawei
206980	Apple
206BD5	vivo
206BF4	Huawei
206E9C	Samsung
2072A9	Xiaomi
207454	vivo
20768F	Apple
207693	Lenovo
2078CD	Apple
2078F0	Apple
207D74	Apple
20826A	OPPO
2082C0	Xiaomi
20845F	Apple
2087EC	Huawei
208986	ZTE
208C0A	Apple
208C86	Huawei
2091DF	Apple
209952	Xiaomi
209BCD	Apple
209BDD	Huawei
20A200	Huawei
20A2E4	Apple
20A366	vivo
20A5CB	Apple
20A60C	Xiaomi
20A680	Huawei
20A766	Huawei
20A8BF	Huawei
20AB37	Apple
20AB48	Huawei
20AB53	Motorola
20AEB6	Huawei
20B868	Motorola
20C2B0	Huawei
20C9D0	Apple
20CC73	Samsung
20CD6E	realme
20CF30	ASUS
20D390	Samsung
20D5BF	Samsung
20DA22	Huawei
20DBAB	Samsung
20DCFD	Huawei
20DF73	Huawei
20DFB9	Google
20E2A8	Apple
20E46F	vivo
20E525	Huawei
20E874	Apple
20E882	ZTE
20EE28	Apple
20F094	Google
20F17C	Huawei
20F307	ZTE
20F3A3	Huawei
20F478	Xiaomi
20F4D4	Apple
20F77C	vivo
20FA85	Apple
20FF0C	Huawei
2400BA	Huawei
24016F	Huawei
240588	Google
2406AA	OPPO
240935	Samsung
240995	Huawei
240A3F	Samsung
241145	Xiaomi
241153	Samsung
241551	Huawei
24166D	Huawei
24181D	Samsung
241AE6	Huawei
241B7A	Apple
241EEB	Apple
241FA0	Huawei
242361	vivo
24240E	Apple
2424B7	Samsung
2426D6	Huawei
2427E5	Huawei
242934	Google
2429B0	Huawei
242AEA	Apple
242E02	Huawei
2430F8	Huawei
243154	Huawei
243FAA	Huawei
244427	Huawei
24456B	Huawei
2446C8	Motorola
2446E4	Huawei
244885	Huawei
244B03	Samsung
244B81	Samsung
244BF1	Huawei
244BFE	ASUS
244C07	Huawei
24559A	Apple
24586E	ZTE
245AB5	Samsung
245BA7	Apple
245CC5	Huawei
245E48	Apple
245F9F	Huawei
246078	Huawei
2460B3	Samsung
2462C6	Huawei
246477	Xiaomi
24649F	Huawei
246800	Samsung
2468B0	Samsung
2469A5	Huawei
246C60	Huawei
246D10	Apple
246F8C	Huawei
24753A	OPPO
2475B3	OPPO
2475FC	ZTE
247645	Huawei
247755	Huawei
2479F3	OPPO
247E51	ZTE
247F3C	Huawei
2481C7	Huawei
2482CA	vivo
2491BB	Huawei
24920E	Samsung
24952F	Google
249745	Huawei
249EAB	Huawei
24A074	Apple
24A2E1	Apple
24A452	Samsung
24A487	Huawei
24A52C	Huawei
24A65E	ZTE
24A799	Huawei
24AB81	Apple
24AECC	Honor
24B339	Apple
24B5B9	Motorola
24BCF8	Huawei
24C013	ZTE
24C44A	ZTE
24C613	Samsung
24C696	Samsung
24CF24	Xiaomi
24D0DF	Apple
24D337	Xiaomi
24D3F2	ZTE
24D53B	Motorola
24DA33	Huawei
24DA9B	Motorola
24DBAC	Huawei
24DBED	Samsung
24DEEB	Huawei
24DF6A	Huawei
24E29D	Huawei
24E314	Apple
24E50F	Google
24E9CA	Huawei
24EA9B	Huawei
24EBED	Huawei
24F094	Apple
24F0D3	Samsung
24F40A	Samsung
24F5AA	Samsung
24F603	Huawei
24F677	Apple
24FB65	Huawei
24FCE5	Samsung
28011C	ZTE
28022E	Apple
280244	Apple
2802D8	Samsung
280708	Samsung
280B5C	Apple
2811EC	Huawei
281293	Honor
2812D0	Motorola
28167F	Xiaomi
281709	Huawei
281DFB	Huawei
28221E	Huawei
2827BF	Samsung
282B96	Huawei
282CC4	Huawei
282D7F	Apple
283152	Huawei
283166	vivo
2831F8	Huawei
283334	Huawei
2834FF	Apple
28353A	Huawei
2836F0	Huawei
283737	Apple
28395E	Samsung
283CE4	Huawei
283DC2	Samsung
2841C6	Huawei
2841EC	Huawei
2844F4	Honor
2845AC	Huawei
2848E7	Huawei
2849E9	Apple
284B54	Apple
284D7D	ZTE
284E44	Huawei
28534E	Huawei
285471	Huawei
28575D	Apple
285923	Xiaomi
285AEB	Apple
285FDB	Huawei
2864B0	Huawei
2868D2	Huawei
286AB8	Apple
286ABA	Apple
286C07	Xiaomi
286ED4	Huawei
2872C6	Samsung
287777	ZTE
2877F1	Apple
287AB4	Huawei
287B09	ZTE
28808A	Huawei
288335	Samsung
2883C9	Apple
288CB8	ZTE
288EEC	Apple
288FF6	Apple
2896B0	Huawei
28987B	Samsung
289E97	Huawei
289F04	Samsung
28A02B	Apple
28A53F	vivo
28A6DB	Huawei
28A9AE	Huawei
28AF21	ZTE
28AF42	Samsung
28B448	Huawei
28BAB5	Samsung
28BD89	Google
28BE43	vivo
28C039	Huawei
28C1A0	Apple
28C21F	Samsung
28C538	Apple
28C709	Apple
28C87C	ZTE
28CC01	Samsung
28CFDA	Apple
28CFE9	Apple
28D127	Xiaomi
28D3EA	Huawei
28D555	vivo
28D5B1	Apple
28D6EC	Huawei
28DB02	ZTE
28DCC3	Huawei
28DE1C	Samsung
28DEA8	ZTE
28DEE5	Huawei
28E02C	Apple
28E14C	Apple
28E31F	Xiaomi
28E34E	Huawei
28E5B0	Huawei
28E6A9	Samsung
28E7CF	Apple
28EA2D	Apple
28EC95	Apple
28ED6A	Apple
28F033	Apple
28F076	Apple
28FAA0	vivo
28FBAE	Huawei
28FF3C	Apple
28FF3E	ZTE
2C0786	Huawei
2C08B4	Huawei
2C0B97	Xiaomi
2C0BAB	Huawei
2C0D27	Huawei
2C0DCF	Xiaomi
2C0E3D	Samsung
2C15BF	Samsung
2C15D9	Huawei
2C1809	Apple
2C195C	Xiaomi
2C1A01	Huawei
2C1CF7	Apple
2C1F23	Apple
2C200B	Apple
2C2080	Huawei
2C26C5	ZTE
2C2768	Huawei
2C326A	Apple
2C3361	Apple
2C36F2	Huawei
2C3A91	Huawei
2C3AB1	Huawei
2C4053	Samsung
2C4401	Samsung
2C4881	vivo
2C4D54	ASUS
2C52AF	Huawei
2C54CF	LG
2C55D3	Huawei
2C56DC	ASUS
2C57CE	Apple
2C58E8	Huawei
2C598A	LG
2C5BB8	OPPO
2C5D34	OPPO
2C61F6	Apple
2C63A1	Huawei
2C693E	Huawei
2C704F	ZTE
2C7600	Apple
2C780E	Huawei
2C7CF2	Apple
2C81BF	Apple
2C8217	Apple
2C8A72	HTC
2C9452	Huawei
2C9520	Apple
2C957F	ZTE
2C97B1	Huawei
2C9975	Samsung
2C9D1E	Huawei
2C9D65	vivo
2CA042	Huawei
2CA797	Huawei
2CA79E	Huawei
2CA7EF	OnePlus
2CA9F0	OPPO
2CAB00	Huawei
2CAE2B	Samsung
2CB301	Honor
2CB43A	Apple
2CB68F	Huawei
2CB6C2	ZTE
2CB7A1	Huawei
2CBABA	Samsung
2CBC87	Apple
2CBE08	Apple
2CBEEB	Nothing
2CBEEE	Nothing
2CC253	Apple
2CC546	Huawei
2CC8F5	Huawei
2CCA16	Apple
2CCF58	Huawei
2CD066	Xiaomi
2CDA46	Samsung
2CDF68	Apple
2CE032	TCL
2CE2D9	Huawei
2CECA6	Huawei
2CED89	Huawei
2CEDB0	Huawei
2CF06A	Huawei
2CF0A2	Apple
2CF0EE	Apple
2CF1BB	ZTE
2CF295	Huawei
2CFC8B	OPPO
2CFDA1	ASUS
2CFDAB	Motorola
2CFE4F	Xiaomi
2CFFEE	vivo
30074D	Samsung
300916	Apple
3009C0	Motorola
300C23	ZTE
300E43	Apple
300EB8	LG
3010E4	Apple
301966	Samsung
301984	Huawei
301ABA	OPPO
301F48	ZTE
30294B	Huawei
3035AD	Apple
3035C5	Huawei
3037B3	Huawei
303B7C	Apple
304074	ZTE
3041DB	vivo
304240	ZTE
304596	Huawei
30499E	Huawei
304B07	Motorola
304E1B	Huawei
304F00	OPPO
3050CE	Xiaomi
305714	Apple
3058EB	ZTE
305A3A	ASUS
3061A2	Huawei
306222	Samsung
30636B	Apple
3066D0	Huawei
306A85	Samsung
306DF9	OPPO
307467	Samsung
307496	Huawei
30766F	LG
307A05	Huawei
307AD2	Apple
307C4A	Huawei
307F10	OPPO
308216	Apple
3083D2	Motorola
308454	OPPO
3085A9	ASUS
308730	Huawei
3089A6	Huawei
308AF7	Huawei
308DD4	Huawei
308ECF	Huawei
309048	Apple
3090AB	Apple
309435	vivo
309610	Huawei
30963B	Huawei
3096FB	Samsung
309935	ZTE
309E62	Huawei
30A033	Apple
30A1FA	Huawei
30A2C2	Huawei
30A30F	Huawei
30A7F5	Apple
30A998	Huawei
30AAE4	Huawei
30AB6A	Samsung
30AFCE	vivo
30B4B8	LG
30B930	ZTE
30BB7D	OnePlus
30C0AE	Apple
30C50F	Huawei
30C599	ASUS
30C6AB	ZTE
30C7AE	Samsung
30C9CC	Samsung
30CBF8	Samsung
30CC21	ZTE
30CDA7	Samsung
30D17E	Huawei
30D386	ZTE
30D4E2	Huawei
30D53E	Apple
30D587	Samsung
30D6C9	Samsung
30D7A1	Apple
30D875	Apple
30D9D9	Apple
30DCE7	ZTE
30DE52	Samsung
30E044	Google
30E04F	Apple
30E226	Apple
30E396	Huawei
30E4D8	Huawei
30E7BC	OPPO
30E98E	Huawei
30EB15	Huawei
30F31D	ZTE
30F335	Huawei
30F7C5	Apple
30FBB8	Huawei
30FCEB	LG
30FD38	Google
30FD65	Huawei
30FE6C	Apple
30FFFD	Huawei
3400A3	Huawei
340557	vivo
3408BC	Apple
340A98	Huawei
340E22	Apple
3410BE	Apple
3410D0	Huawei
341298	Apple
3412F9	Huawei
34145F	Samsung
341530	vivo
34159E	Apple
341CF0	Xiaomi
341E6B	Huawei
3423BA	Samsung
34243E	ZTE
342601	Huawei
342840	Apple
342912	Huawei
342B6E	Apple
342D0D	Samsung
342D0F	ZTE
342EB6	Huawei
343111	Samsung
34318F	Apple
343638	Huawei
34363B	Apple
343654	ZTE
343759	ZTE
343916	Google
343DA9	Huawei
344262	Apple
3446EC	Huawei
34479A	OPPO
344A1B	ZTE
344A86	Honor
344B50	ZTE
344DEA	ZTE
344DF7	LG
344EE2	Huawei
345180	TCL
345184	Huawei
3451C9	Apple
345840	Huawei
345ABA	TCL
346679	Huawei
346691	Apple
346987	ZTE
346AC2	Huawei
346BD3	Huawei
346E68	Huawei
347146	Huawei
347839	ZTE
347916	Huawei
347C25	Apple
347E00	Huawei
3480B3	Xiaomi
348296	Apple
3482C5	Samsung
3483D5	Huawei
3486DA	Honor
348A3B	Huawei
348A7B	Samsung
348C5E	Apple
349671	Huawei
349677	ZTE
3497F6	ASUS
34A137	Huawei
34A2A2	Huawei
34A395	Apple
34A8A0	Huawei
34A8EB	Apple
34AA8B	Samsung
34AB37	Apple
34AC2F	ZTE
34B1EB	Apple
34B20A	Huawei
34B354	Huawei
34B98D	Xiaomi
34BB26	Motorola
34BE00	Samsung
34C059	Apple
34C232	Samsung
34C386	Apple
34C3AC	Samsung
34C7E9	Google
34CDBE	Huawei
34CE00	Xiaomi
34D693	Huawei
34DAA1	Apple
34DAB7	ZTE
34DDCC	Google
34DE34	ZTE
34E0CF	ZTE
34E2FD	Apple
34E3FB	Samsung
34E911	vivo
34EE16	Apple
34EFD7	Huawei
34F015	Xiaomi
34F043	Samsung
34F084	Samsung
34F5D7	Huawei
34F68D	Apple
34F8DD	Apple
34FA1C	Xiaomi
34FCEF	LG
34FD6A	Apple
34FE77	Apple
34FFF3	Huawei
380195	Samsung
380484	Apple
3809FB	Apple
380A94	Samsung
380B40	Samsung
380F4A	Apple
380FAD	Huawei
38165A	ZTE
3816D1	Samsung
382028	Huawei
3822F4	Huawei
382656	TCL
382835	ZTE
38295A	OPPO
382C4A	ASUS
382DD1	Samsung
382DE8	Samsung
3830F9	LG
38378B	Huawei
38384B	vivo
38396C	Huawei
3839CD	vivo
383FE8	Huawei
384608	ZTE
3847BC	Huawei
38484C	Apple
384A80	Samsung
384C4F	Huawei
384DD2	Huawei
385247	Huawei
38539C	Apple
38549B	ZTE
386233	Apple
386504	Honor
3865B2	Apple
3866F0	Apple
3868A4	Samsung
386A77	Samsung
386E88	ZTE
386EA2	vivo
386EB2	Huawei
386F6B	OPPO
3870F2	Huawei
3871DE	Apple
38736E	Huawei
387F8B	Apple
3880DF	Motorola
3886F7	Google
38881E	Huawei
3888A4	Apple
38892C	Apple
388A06	Samsung
388ABE	OPPO
388B59	Google
388C50	LG
388CEF	Samsung
388F30	Samsung
389052	Huawei
3890AF	ZTE
389148	ZTE
389496	Samsung
3898E9	Huawei
389AF6	Samsung
389CB2	Apple
389E80	ZTE
38A44B	Huawei
38A4ED	Xiaomi
38AA20	ZTE
38AA3C	Samsung
38B3F7	Huawei
38B54D	Apple
38BC01	Huawei
38C1ED	Xiaomi
38C43A	Apple
38C6BD	Xiaomi
38C986	Apple
38C9B1	ZTE
38CADA	Apple
38D09C	Huawei
38D40B	Samsung
38D547	ASUS
38D82F	ZTE
38E13D	Apple
38E1AA	ZTE
38E2DD	ZTE
38E39F	Motorola
38E563	OPPO
38E60A	Xiaomi
38E7D8	HTC
38EB47	Huawei
38EC07	Motorola
38EC0D	Apple
38ECE4	Samsung
38F195	Huawei
38F6CF	ZTE
38F7F1	Huawei
38F889	Huawei
38F9D3	Apple
38FB14	Huawei
38FC34	Huawei
3C0518	Samsung
3C058E	Huawei
3C0630	Apple
3C0754	Apple
3C07D7	Apple
3C0A7A	Samsung
3C135A	Xiaomi
3C13BB	Huawei
3C15C2	Apple
3C15FB	Huawei
3C195E	Samsung
3C1EB5	Apple
3C20F6	Samsung
3C22FB	Apple
3C240A	Huawei
3C286D	Google
3C2983	Samsung
3C2CA6	Xiaomi
3C2CCD	Apple
3C2EF9	Apple
3C2EFF	Apple
3C306F	Huawei
3C3174	Google
3C318A	Samsung
3C32B9	OPPO
3C3464	Apple
3C366A	Huawei
3C381F	Huawei
3C3824	Xiaomi
3C39C8	Apple
3C3B77	Apple
3C4711	Huawei
3C4AC9	Huawei
3C4DBE	Apple
3C5002	Apple
3C5447	Huawei
3C576C	Samsung
3C591E	TCL
3C59C0	Huawei
3C5A37	Samsung
3C5AB4	Google
3C6200	Samsung
3C65D1	Huawei
3C678C	Huawei
3C6D89	Apple
3C6F9B	ZTE
3C75DE	OPPO
3C7625	ZTE
3C7787	Huawei
3C7843	Huawei
3C7C3F	ASUS
3C7D0A	Apple
3C7F6E	Xiaomi
3C869A	Huawei
3C86D1	vivo
3C8BFE	Samsung
3C8D20	Google
3C90E0	Huawei
3C93F4	Huawei
3C9BC6	Huawei
3C9D56	Huawei
3CA10D	Samsung
3CA161	Huawei
3CA2C3	vivo
3CA348	vivo
3CA37E	Huawei
3CA581	vivo
3CA616	vivo
3CA6F6	Apple
3CA7AE	ZTE
3CA80A	vivo
3CA916	Huawei
3CAB8E	Apple
3CAFB7	Xiaomi
3CB0ED	Nothing
3CB233	Huawei
3CB6B7	vivo
3CB922	Huawei
3CBBFD	Samsung
3CBCD0	ZTE
3CBD3E	Xiaomi
3CBDD8	LG
3CBF60	Apple
3CBFD7	Apple
3CC03E	Huawei
3CC5C7	Huawei
3CCD36	Apple
3CCD40	Apple
3CCD57	Xiaomi
3CCD5D	Huawei
3CCD93	LG
3CD0F8	Apple
3CDA2A	ZTE
3CDCBC	Samsung
3CDD57	Apple
3CDFBD	Huawei
3CE072	Apple
3CE824	Huawei
3CF591	OPPO
3CF652	ZTE
3CF692	Huawei
3CF7A4	Samsung
3CF808	Huawei
3CF9F0	ZTE
3CFA43	Huawei
3CFA80	Huawei
3CFB02	Apple
3CFFD8	Huawei
3CFFDD	vivo
400634	Huawei
400877	Xiaomi
400E85	Samsung
400EB9	Huawei
400EF3	ZTE
4011C3	Samsung
4014AD	Huawei
40163B	Samsung
40167E	ASUS
401CD4	Huawei
4024D2	Huawei
402619	Apple
402641	Huawei
403004	Apple
40313C	Xiaomi
40331A	Apple
4035E6	Samsung
403B7B	Huawei
403CFC	Apple
40410D	Huawei
4044CE	Huawei
4044FD	realme
4045A0	vivo
4045C4	Huawei
404D7F	Apple
404D8E	Huawei
404E36	HTC
404F42	Huawei
40538C	LG
405493	ZTE
405846	vivo
405EF6	Samsung
406768	Huawei
406C8F	Apple
406F27	Huawei
4070F5	Apple
4076A9	Huawei
40786A	Motorola
407911	Apple
407D0F	Huawei
40831D	Apple
408805	Motorola
4089C2	Apple
408BF6	TCL
408C1F	OPPO
408EDF	Huawei
40921A	Apple
4098AD	Apple
409C28	Apple
40A108	Motorola
40A44A	Google
40A654	Huawei
40A6D9	Apple
40B076	ASUS
40B0FA	LG
40B15C	Huawei
40B395	Apple
40B3FA	Apple
40B607	OPPO
40B6E7	Huawei
40B70E	Huawei
40BC60	Apple
40C3BC	Huawei
40C711	Apple
40CBA8	Huawei
40CBC0	Apple
40D160	Apple
40D32D	Apple
40D3AE	Samsung
40D4F6	Honor
40DA5C	Apple
40DCA5	Huawei
40DE24	Samsung
40E64B	Apple
40E99B	Samsung
40EB21	Huawei
40EDCF	Apple
40EE6D	Huawei
40EEDD	Huawei
40F946	Apple
40FAFE	Motorola
440010	Apple
44004D	Huawei
440444	OPPO
4405B8	Huawei
44070B	Google
4409C6	Huawei
4409DA	Apple
440C4B	Huawei
441030	Google
4413D0	ZTE
4416FA	Samsung
4418FD	Apple
441B88	Apple
441C7F	Motorola
44227C	Huawei
44237C	Xiaomi
4425F4	Apple
44272E	Huawei
442A60	Apple
44303F	Huawei
44321D	Huawei
443262	ZTE
443583	Apple
4441F0	ZTE
444687	realme
444A37	Xiaomi
444A4C	vivo
444ADB	Apple
444C0C	Apple
444E1A	Samsung
44552B	Samsung
4455B1	Huawei
4455C4	Huawei
44579F	Xiaomi
445943	ZTE
4459E3	Huawei
445CE9	Samsung
4463B6	Apple
4466FC	OPPO
446747	Huawei
446A2E	Huawei
446D6C	Samsung
446EE5	Huawei
447147	Xiaomi
447654	Huawei
447831	Huawei
44783E	Samsung
4480EB	Motorola
4482E5	Huawei
448C00	realme
448F17	Samsung
449046	Honor
4490BB	Apple
44917C	Nokia / HMD
449A52	ZTE
449BC1	Huawei
449E8B	Apple
449EF9	vivo
449F46	Huawei
44A038	Huawei
44A10E	Apple
44A191	Huawei
44A3C7	ZTE
44A7F4	Apple
44A8FC	Apple
44AE44	Huawei
44AEAB	OPPO
44B3C5	Huawei
44BB3B	Google
44BDC8	Xiaomi
44BDDE	HTC
44BE0B	Huawei
44C346	Huawei
44C3B6	Huawei
44C532	Huawei
44C63C	Samsung
44C65D	Apple
44C7FC	Huawei
44CBAD	Xiaomi
44D791	Huawei
44D884	Apple
44DA30	Apple
44DBBE	Huawei
44DF65	Xiaomi
44E213	Xiaomi
44E59B	Huawei
44E66E	Apple
44E853	Apple
44E968	Huawei
44EA30	Samsung
44F09E	Apple
44F21B	Apple
44F436	ZTE
44F459	Samsung
44F770	Xiaomi
44FB42	Apple
44FB5A	ZTE
44FB76	vivo
44FEEF	OPPO
44FFBA	ZTE
480031	Huawei
4801C5	OnePlus
480234	Huawei
480286	realme
4805E2	Huawei
480A28	Apple
481258	Huawei
48128F	Huawei
48137E	Samsung
4825F3	Huawei
48262C	Apple
4827C5	Huawei
4827EA	Samsung
48282F	ZTE
4829D6	OPPO
482CA0	Xiaomi
482CD0	Huawei
482CEA	Motorola
482FD7	Huawei
4831DB	Huawei
48352B	Apple
483543	OPPO
483584	Huawei
4835AB	Apple
483871	Huawei
483B38	Apple
483C0C	Huawei
483F72	Samsung
483FE9	Huawei
48435A	Huawei
48437C	Apple
4844F7	Samsung
4846FB	Huawei
48474B	Huawei
484982	Huawei
484996	Huawei
4849C7	Samsung
484BAA	Apple
484C29	Huawei
484C86	Huawei
485169	Samsung
485702	Huawei
485929	LG
4859A4	ZTE
485B39	ASUS
485FDF	ZTE
48605F	LG
4860BC	Apple
4861EE	Samsung
486276	Huawei
486345	Huawei
48706F	Huawei
487412	OnePlus
48746E	Apple
4877BD	OPPO
48794D	Samsung
487B6B	Huawei
4882DF	Huawei
4883B4	OPPO
488759	Xiaomi
488764	vivo
4887B8	TCL
4888CA	Motorola
488AE8	vivo
488C63	Huawei
488EEF	Huawei
48902F	LG
489507	OPPO
4896D9	ZTE
489A58	Samsung
489BE0	realme
489DD1	Samsung
48A195	Apple
48A516	Huawei
48A74E	ZTE
48A91C	Apple
48AD08	Huawei
48B25D	Huawei
48B8A3	Apple
48BCE1	Samsung
48BD4A	Huawei
48BDA7	Honor
48BF6B	Apple
48C1EE	Honor
48C35A	Lenovo
48C461	OPPO
48C796	Samsung
48CA68	Apple
48CDD3	Huawei
48CFA9	Huawei
48D539	Huawei
48D682	ZTE
48D6D5	Google
48D705	Apple
48DB50	Huawei
48DC2D	Huawei
48E15C	Apple
48E1CA	Apple
48E9F1	Apple
48EF1C	Samsung
48EF61	Huawei
48F7BC	Huawei
48F8DB	Huawei
48FC07	Huawei
48FD8E	Huawei
48FDA3	Xiaomi
4C0220	Xiaomi
4C09B4	ZTE
4C14A3	TCL
4C16F1	ZTE
4C189A	OPPO
4C1A3D	OPPO
4C1FCC	Huawei
4C20B8	Apple
4C22C9	ZTE
4C2B3B	Huawei
4C2E5E	Samsung
4C2EB4	Apple
4C2FD7	Huawei
4C3275	Apple
4C3946	Samsung
4C3C16	Samsung
4C3CE2	Huawei
4C4929	TCL
4C494F	ZTE
4C49E3	Xiaomi
4C4CD8	ZTE
4C4FEE	OnePlus
4C5077	Huawei
4C50F1	OPPO
4C5499	Huawei
4C55B2	Xiaomi
4C569D	Apple
4C5739	Samsung
4C57CA	Apple
4C5D6A	Apple
4C617E	Huawei
4C631B	Huawei
4C6371	Xiaomi
4C63AD	Huawei
4C6641	Samsung
4C66A6	Samsung
4C6AF6	Nokia / HMD
4C6BE8	Apple
4C6F9C	OPPO
4C74BF	Apple
4C7975	Apple
4C7C5F	Apple
4C7CD9	Apple
4C80FB	Google
4C820C	Apple
4C889E	Huawei
4C8BEF	Huawei
4C8D53	Huawei
4C8D79	Apple
4C8E19	Xiaomi
4C92D2	OPPO
4C97CC	Apple
4C9992	vivo
4C9FF1	Apple
4CA56D	Samsung
4CAB4F	Apple
4CABFC	ZTE
4CAC0A	ZTE
4CAD35	Apple
4CAE13	Huawei
4CB087	Huawei
4CB16C	Huawei
4CB199	Apple
4CB910	Apple
4CBCA5	Samsung
4CC00A	vivo
4CC64C	Xiaomi
4CC95E	Samsung
4CCA95	Huawei
4CCBEA	Huawei
4CCBF5	ZTE
4CCC34	Motorola
4CCDB6	Apple
4CD012	Apple
4CD0CB	Huawei
4CD0DD	Huawei
4CD1A1	Huawei
4CD3AF	Nokia / HMD
4CD629	Huawei
4CDD31	Samsung
4CDE48	Huawei
4CE0DB	Xiaomi
4CE20F	Xiaomi
4CE4B6	Motorola
4CE650	Apple
4CE65E	Huawei
4CE6C0	Apple
4CEAAE	OPPO
4CEBB0	Samsung
4CECEE	Samsung
4CEDFB	ASUS
4CF202	Xiaomi
4CF475	Huawei
4CF55B	Huawei
4CF95D	Huawei
4CFB45	Huawei
50016B	Huawei
5001BB	Samsung
5001D9	Huawei
5004B8	Huawei
50056E	OPPO
500B23	Huawei
500B26	Huawei
50131D	Motorola
5014C1	Huawei
5016F4	Motorola
501D93	Huawei
501FC6	Apple
5021EC	Huawei
5023A2	Apple
502873	Huawei
5029F5	OPPO
502E5C	HTC
502FBB	Motorola
503237	Apple
503275	Samsung
503B70	Apple
503CC4	Lenovo
503CEA	OPPO
503DA1	Samsung
503DC6	Xiaomi
503F50	Huawei
504172	Huawei
504289	ZTE
504472	Motorola
50464A	Huawei
50465D	ASUS
504877	Honor
5049B0	Samsung
504B9E	Huawei
504F3B	Xiaomi
5050A4	Samsung
505527	LG
5056BF	Samsung
50578A	Apple
50586F	Huawei
505D7A	ZTE
505DAC	Huawei
505E24	ZTE
506382	Huawei
506391	Huawei
50642B	Xiaomi
5066E5	Huawei
50680A	Huawei
5068AC	Huawei
506F77	Huawei
507705	Samsung
5078B0	Huawei
5078B3	ZTE
507A55	Apple
507AC5	Apple
508114	Apple
5082D5	Apple
508569	Samsung
50874D	OPPO
508811	Xiaomi
5089D1	Huawei
508A7F	Huawei
508CC9	ZTE
508D62	Huawei
508D9E	Huawei
508E49	Xiaomi
508F4C	Xiaomi
50926A	Xiaomi
5092B9	Samsung
5093CE	Huawei
509546	Huawei
509839	Xiaomi
509A88	Huawei
509EA7	Samsung
509F27	Huawei
50A009	Xiaomi
50A1F3	Huawei
50A4C8	Samsung
50A67F	Apple
50A6D8	Apple
50A72B	Huawei
50ACB9	Huawei
50AF4D	ZTE
50B127	Apple
50B7C3	Samsung
50BC96	Apple
50C8E5	Samsung
50CCF8	Samsung
50D2F5	Xiaomi
50DAD6	Xiaomi
50DDAB	Samsung
50DE06	Apple
50E24E	ZTE
50E7B7	vivo
50EAD6	Apple
50EBF6	ASUS
50EC50	Xiaomi
50ED3C	Apple
50F0D3	Samsung
50F265	Apple
50F351	Apple
50F4EB	Apple
50F520	Samsung
50F7ED	Huawei
50F958	Huawei
50FC9F	Samsung
50FE39	Xiaomi
540295	Huawei
5404A6	ASUS
540764	Huawei
540910	Apple
540955	ZTE
540DF9	Huawei
540E2D	vivo
540E58	OPPO
54102E	Huawei
54104F	Samsung
541149	vivo
5412CB	Huawei
541310	Huawei
5419C8	vivo
541F8D	ZTE
541FCD	OPPO
54211D	Huawei
54219D	Samsung
542259	Huawei
5422F8	ZTE
542369	Huawei
5425EA	Huawei
542618	Huawei
542696	Apple
542758	Motorola
542906	Apple
542A43	Apple
542B76	ZTE
542B8D	Apple
542F2B	Huawei
5432C7	Apple
5433CB	Apple
5434EF	Huawei
5439DF	Huawei
543AD6	Samsung
5440AD	Samsung
54443B	Huawei
5444A3	Samsung
544617	ZTE
5448E6	Xiaomi
544E90	Apple
54511B	Huawei
545284	Huawei
5455D5	Huawei
545618	Huawei
545925	Huawei
546009	Google
54606D	Huawei
5462E2	Apple
5464BC	OPPO
546706	OPPO
546749	Google
546990	Huawei
5471DD	Huawei
54724F	Apple
54735A	Huawei
5478F0	ZTE
5484DC	ZTE
54880E	Samsung
5488D5	ZTE
548998	Huawei
549209	Huawei
5492BE	Samsung
549963	Apple
549A8F	realme
549B12	Samsung
549F13	Apple
54A050	ASUS
54A51B	Huawei
54A637	Huawei
54A6DB	Huawei
54AE27	Apple
54B121	Huawei
54B802	Samsung
54B8DB	Apple
54BAD6	Huawei
54BD79	Samsung
54BE53	ZTE
54C480	Huawei
54CE82	ZTE
54CF8D	Huawei
54D17D	Samsung
54D9C6	Huawei
54DD21	Huawei
54DD4F	Samsung
54DED3	ZTE
54E15B	Huawei
54E43A	Apple
54E61B	Apple
54EAA8	Apple
54EAE1	Honor
54EBE9	Apple
54EF43	Huawei
54F201	Samsung
54F294	Huawei
54F607	Huawei
54F6E2	Huawei
54FA3E	Samsung
54FCF0	Samsung
580AD4	Apple
580FA5	Apple
581122	ASUS
581F28	Huawei
581FAA	Apple
582059	Xiaomi
582071	Samsung
582429	Google
582575	Huawei
582A93	Apple
582AF7	Huawei
58355D	Huawei
583653	Apple
583F54	LG
58404E	Apple
5843AB	OPPO
584498	Xiaomi
584BBC	ZTE
5851A3	Apple
585595	Apple
5855CA	Apple
5856AA	Apple
5856C2	Huawei
585FF6	ZTE
58605F	Huawei
5864C4	Apple
58666D	Apple
586B14	Apple
5872C9	ZTE
5873D1	Huawei
5873D8	Apple
5879E0	Samsung
587A6A	OPPO
587F57	Apple
587F66	Huawei
588336	Huawei
5885A2	realme
5885E9	realme
58879F	Huawei
589204	ZTE
589351	Huawei
5893E8	Apple
5894AE	Huawei
58957E	Huawei
58960A	LG
58A2B5	LG
58A639	Samsung
58ABFB	Huawei
58AD12	Apple
58AE2B	Huawei
58AEA8	Huawei
58B035	Apple
58B10F	Samsung
58B18F	Huawei
58B623	Xiaomi
58B965	Apple
58BAD4	Huawei
58BE72	Huawei
58C38B	Samsung
58C5CB	Samsung
58C6F0	OPPO
58CB52	Google
58D061	Huawei
58D312	ZTE
58D349	Apple
58D697	OPPO
58D759	Huawei
58D9C3	Motorola
58E28F	Apple
58E6BA	Apple
58EA1F	Xiaomi
58ED99	ZTE
58F2FC	Huawei
58F8D7	Huawei
58F987	Huawei
58FB3E	Huawei
58FDB1	LG
58FE7E	ZTE
58FFA1	ZTE
5C0214	Xiaomi
5C0339	Huawei
5C07A6	Huawei
5C0947	Apple
5C0979	Huawei
5C0A5B	Samsung
5C0B3B	Huawei
5C101E	ZTE
5C10C5	Samsung
5C13AC	Apple
5C13CC	Apple
5C1648	OPPO
5C167D	Huawei
5C1720	Huawei
5C17CF	OnePlus
5C1BF4	Apple
5C1CB9	vivo
5C1DD9	Apple
5C23C2	Apple
5C2E59	Samsung
5C337B	Google
5C36B8	TCL
5C3A3D	ZTE
5C3C27	Samsung
5C3E1B	Apple
5C4071	Xiaomi
5C4879	Huawei
5C497D	Samsung
5C4CA9	Huawei
5C4DBF	ZTE
5C50D9	Apple
5C5136	Samsung
5C5181	Samsung
5C5188	Motorola
5C5230	Apple
5C5284	Apple
5C546D	Huawei
5C5948	Apple
5C5E0A	Samsung
5C5EBB	Huawei
5C6117	Huawei
5C647A	Huawei
5C666C	OPPO
5C7017	Apple
5C7075	Huawei
5C70A3	LG
5C78F8	Huawei
5C7D5E	Huawei
5C7DAE	ZTE
5C8505	Huawei
5C865C	Samsung
5C8730	Apple
5C89BC	Apple
5C8D4E	Apple
5C9157	Huawei
5C9175	Apple
5C95AE	Apple
5C969D	Apple
5C97F3	Apple
5C9960	Samsung
5C9977	Apple
5C9AA1	Huawei
5C9BA6	Apple
5CA06C	realme
5CA39D	Samsung
5CA4F4	ZTE
5CA86A	Huawei
5CAC3D	Samsung
5CAD76	TCL
5CADBA	Apple
5CADCF	Apple
5CAF06	LG
5CB00A	Huawei
5CB395	Huawei
5CB43E	Huawei
5CB8B7	Apple
5CBBEE	ZTE
5CBD9A	Huawei
5CC0A0	Huawei
5CC1D7	Samsung
5CC1F2	Huawei
5CC307	Huawei
5CC787	Huawei
5CCB99	Samsung
5CD06E	Xiaomi
5CD33D	Samsung
5CD89E	Huawei
5CDC49	Samsung
5CE50C	Xiaomi
5CE747	Huawei
5CE883	Huawei
5CE8EB	Samsung
5CE91E	Apple
5CEB52	ZTE
5CEDF4	Samsung
5CF5DA	Apple
5CF6DC	Samsung
5CF7E6	Apple
5CF938	Apple
5CF96A	Huawei
5CFFA9	ZTE
6001B1	Huawei
600308	Apple
6006E3	Apple
6007C4	OPPO
600810	Huawei
600F6B	Apple
60109E	Huawei
60123C	Huawei
601466	ZTE
60183A	Huawei
601888	ZTE
601D91	Motorola
601F56	Huawei
602101	OPPO
602E20	Huawei
602ED5	Apple
6030B3	Huawei
6030D4	Apple
60334B	Apple
603AAF	Samsung
603CEE	LG
603D29	Huawei
603E5F	Apple
6045CB	ASUS
604DE1	Huawei
604F5B	Huawei
605355	Huawei
605375	Huawei
6056B1	Huawei
6057C8	Apple
605E4F	Huawei
605FAA	Huawei
606525	Apple
60684E	Samsung
606944	Apple
606BB3	ZTE
606BBD	Samsung
606EE8	Xiaomi
60706C	Google
6070C0	Apple
6073BC	ZTE
60756C	LG
6077E2	Samsung
6079C9	Huawei
607EC9	Apple
607ECD	Huawei
607FCB	Samsung
608110	Apple
608246	Apple
608306	Huawei
608334	Huawei
608373	Apple
608B0E	Apple
608C4A	Apple
608E08	Samsung
608F5C	Samsung
6091F3	vivo
609217	Apple
609316	Apple
609578	Samsung
6095BD	Apple
6096A4	Huawei
6099D1	Lenovo
609AC1	Apple
609BB4	Huawei
609E64	vivo
60A10A	Samsung
60A2C6	Huawei
60A37D	Apple
60A44C	ASUS
60A4D0	Samsung
60A6C5	Huawei
60A751	Huawei
60AAEF	Huawei
60AB67	Xiaomi
60AF6D	Samsung
60B0E8	Huawei
60B4A2	Samsung
60B76E	Google
60BBEB	Huawei
60BD83	Huawei
60BEB5	Motorola
60BEC4	Apple
60C547	Apple
60C5AD	Samsung
60C7BE	realme
60CA3A	Apple
60CE41	Huawei
60CF84	ASUS
60D039	Apple
60D0A9	Samsung
60D4AF	Honor
60D4E9	OPPO
60D755	Huawei
60D89C	Nokia / HMD
60D9A0	Lenovo
60D9C7	Apple
60DD70	Apple
60DE18	Apple
60DE44	Huawei
60DE94	Huawei
60DEF3	Huawei
60E3AC	LG
60E5D8	ZTE
60E701	Huawei
60F04D	Honor
60F18A	Huawei
60F445	Apple
60F549	Apple
60F723	Xiaomi
60F81D	Apple
60FA9D	Huawei
60FACD	Apple
60FB42	Apple
60FDA6	Apple
60FEC5	Apple
60FF12	Samsung
64037F	Samsung
64078C	Huawei
6407F6	Samsung
640980	Xiaomi
640BD7	Apple
640C91	Apple
640D22	LG
6411A4	Motorola
64136C	ZTE
6413AB	Huawei
6416F0	Huawei
6417CD	Samsung
641B2F	Samsung
641CAE	Samsung
641CB0	Samsung
64200C	Apple
642315	Huawei
642753	Huawei
6429FF	Huawei
642C0F	vivo
642CAC	Huawei
642E41	Huawei
642F1C	Huawei
643135	Apple
643E0A	Huawei
643E8C	Huawei
6441E6	Apple
64447B	vivo
644842	Apple
6451F4	Huawei
6453E0	Huawei
6456B5	Samsung
645A36	Apple
645AED	Apple
645DF4	Samsung
645E10	Huawei
646140	Huawei
646306	Xiaomi
64644A	Xiaomi
6466D8	Samsung
6467CD	Huawei
646CB2	Samsung
646D2F	Apple
646D4E	Huawei
646D6C	Huawei
646E60	ZTE
647033	Apple
647520	ZTE
6476BA	Apple
647791	Samsung
647924	Huawei
647BCE	Samsung
648505	ZTE
64876C	Huawei
64899A	LG
6489F1	Samsung
6490C1	Xiaomi
64956C	LG
649ABE	Apple
649D38	Google
649E31	Xiaomi
64A198	Huawei
64A200	Xiaomi
64A28A	Huawei
64A2F9	OnePlus
64A3CB	Apple
64A5C3	Apple
64A651	Huawei
64A769	HTC
64A963	Huawei
64ACE0	Samsung
64B0A6	Apple
64B0E8	Huawei
64B310	Samsung
64B473	Xiaomi
64B5F2	Samsung
64B64A	vivo
64B853	Samsung
64B9E8	Apple
64BAA4	ZTE
64BC0C	LG
64BC43	Huawei
64BD6D	Apple
64BF6B	Huawei
64C045	Apple
64C2DE	LG
64C394	Huawei
64C753	Apple
64C905	Apple
64CA80	realme
64CC2E	Xiaomi
64D0D6	Samsung
64D2C4	Apple
64D315	Nokia / HMD
64D562	Huawei
64D7C0	Huawei
64DB38	ZTE
64DB43	Motorola
64DDE9	Xiaomi
64E4A5	LG
64E682	Apple
64E7D8	Samsung
64EB94	ZTE
64EC65	vivo
64F705	Huawei
64F81C	Huawei
680571	Samsung
680927	Apple
681324	Huawei
681A47	Apple
681AB2	ZTE
681BEF	Huawei
6822E5	Huawei
682737	Samsung
68275F	ZTE
682ADD	ZTE
682F67	Apple
683036	Apple
683045	Huawei
683B09	Apple
683EC0	Apple
684465	Apple
684571	Huawei
6845CC	Apple
684898	Samsung
684983	Huawei
684A5F	Apple
684AAE	Huawei
684AE9	Samsung
684C25	Huawei
684DB6	Xiaomi
6858A0	Honor
685ACF	Samsung
685B35	Apple
685EDD	Apple
68628A	vivo
686372	Huawei
68644B	Apple
6872C3	Samsung
6877DA	ZTE
687D6B	Samsung
687DAC	Samsung
6881E0	Huawei
6883CB	Apple
6885A4	OPPO
68871C	Motorola
6887BD	ZTE
6889C1	Huawei
688AF0	ZTE
688F84	Huawei
689268	Motorola
68944A	ZTE
68951B	Huawei
68962E	Huawei
68967B	Apple
689B43	Huawei
689C70	Apple
689E29	ZTE
689E6A	Huawei
689FF0	ZTE
68A03E	Huawei
68A0F6	Huawei
68A46A	Huawei
68A593	Apple
68A729	Apple
68A7B4	Honor
68A828	Huawei
68A86D	Apple
68AB1E	Apple
68ABBC	Xiaomi
68AE20	Apple
68B5E3	Huawei
68B8BB	Xiaomi
68BFC4	Samsung
68C44C	Xiaomi
68C44D	Motorola
68CAC4	Apple
68CC6E	Huawei
68D927	Huawei
68D93C	Apple
68DBCA	Apple
68DDD9	Nokia / HMD
68DFDD	Xiaomi
68DFE4	Samsung
68E209	Huawei
68E580	Apple
68E7C2	Samsung
68EBAE	Samsung
68EF43	Apple
68EFDC	Apple
68F0B5	Honor
68F543	Huawei
68FB7E	Apple
68FCB6	OPPO
68FCCA	Samsung
68FEF7	Apple
6C006B	Samsung
6C028C	Huawei
6C047A	Huawei
6C0699	Xiaomi
6C06D6	Huawei
6C0DC4	Xiaomi
6C11BA	ZTE
6C1270	Apple
6C146E	Huawei
6C1632	Huawei
6C19C0	Apple
6C1A75	Huawei
6C1D2C	Huawei
6C1ED7	vivo
6C1F8A	Apple
6C24A6	vivo
6C2636	Huawei
6C2F2C	Samsung
6C2F8A	Samsung
6C3491	Huawei
6C3AFF	Apple
6C3E6D	Apple
6C4008	Apple
6C40E8	vivo
6C41DE	Huawei
6C442A	Huawei
6C483F	Xiaomi
6C4A85	Apple
6C4D73	Apple
6C51BF	Huawei
6C51E4	Huawei
6C5563	Samsung
6C558D	Huawei
6C5AB5	TCL
6C5C14	OPPO
6C5F1C	Lenovo
6C6016	OnePlus
6C60D0	Huawei
6C67EF	Huawei
6C6C0F	Huawei
6C709F	Apple
6C70CB	Samsung
6C71D2	Huawei
6C72E7	Apple
6C7637	Huawei
6C7742	ZTE
6C77F0	Huawei
6C7E67	Apple
6C7F49	Huawei
6C8243	Huawei
6C8336	Samsung
6C8B2F	ZTE
6C8DC1	Apple
6C94F8	Apple
6C96CF	Apple
6C976D	Motorola
6CA75F	ZTE
6CA928	Nokia / HMD
6CAB31	Apple
6CACC2	Samsung
6CB133	Apple
6CB4FD	Huawei
6CB749	Huawei
6CB7E2	Huawei
6CB7F4	Samsung
6CB881	ZTE
6CC26B	Apple
6CC36A	vivo
6CC4D5	Nokia / HMD
6CC7EC	Samsung
6CD008	ZTE
6CD032	LG
6CD199	vivo
6CD1E5	Huawei
6CD2BA	ZTE
6CD63F	Huawei
6CD68A	LG
6CD704	Huawei
6CD71F	OPPO
6CD94C	vivo
6CDDBC	Samsung
6CE5C9	Apple
6CE85C	Apple
6CE874	Huawei
6CEBB6	Huawei
6CF373	Samsung
6CF784	Xiaomi
700514	LG
700971	Samsung
70110E	ZTE
701124	Apple
701384	Apple
7014A6	Apple
70192F	Huawei
701F3C	Samsung
70217F	Xiaomi
7022FE	Apple
702804	realme
70287D	Google
70288B	Samsung
702AD5	Samsung
702E22	ZTE
702F35	Huawei
70317F	Apple
70357B	vivo
703A51	Xiaomi
703ACB	Google
703C69	Apple
703EAC	Apple
7040FF	Huawei
704698	Huawei
7047E9	vivo
70480F	Apple
704CA2	Apple
704D7B	ASUS
704E6B	Huawei
704EE0	Samsung
7054F5	Huawei
705681	Apple
705AAC	Samsung
705E55	realme
705FA3	Xiaomi
7062CB	Apple
7066B9	Huawei
706AC9	ZTE
706E10	Huawei
70700D	Apple
707013	Huawei
7070D5	Huawei
70720D	Lenovo
70723C	Huawei
7072FE	Apple
707362	Huawei
7073CB	Apple
70788B	vivo
707990	Huawei
707BE8	Huawei
707CE3	Huawei
7081EB	Apple
708A09	Huawei
708BCD	ASUS
708CB6	Huawei
708CF2	Apple
708F47	vivo
7090B7	Huawei
709684	Apple
709751	Xiaomi
709AC4	Huawei
709C45	Huawei
709F2D	ZTE
70A2B3	Apple
70A6BD	Honor
70A703	Honor
70A8E3	Huawei
70AE2A	Apple
70AED5	Apple
70B13D	Samsung
70B306	Apple
70B51A	Huawei
70B7AA	vivo
70BB5B	Apple
70BBE9	Xiaomi
70C7F2	Huawei
70CD60	Apple
70CE8C	Samsung
70D313	Huawei
70D923	vivo
70DDA8	OPPO
70DDEF	Huawei
70DEE2	Apple
70E72C	Apple
70E997	Huawei
70EA5A	Apple
70EBA5	Huawei
70ECE4	Apple
70EF00	Apple
70F087	Apple
70F927	Samsung
70F94A	Apple
70FD45	Huawei
70FD46	Samsung
7400E8	Huawei
74042B	Lenovo
740AE1	Huawei
740CEE	Huawei
740EA4	Apple
74136A	Motorola
7414D0	Apple
741575	Xiaomi
7415F5	Apple
74190A	Samsung
741BB2	Apple
741EB1	Samsung
7422BB	Huawei
742344	Xiaomi
74238D	ZTE
742435	Huawei
7426FF	ZTE
742869	Huawei
742917	Apple
742959	Apple
743174	Apple
743357	vivo
7433E9	ZTE
74342B	Huawei
743822	Xiaomi
743C24	Huawei
743F8E	Apple
744218	Apple
74428B	Apple
74452D	Huawei
74458A	Samsung
744AA4	ZTE
744D6D	Huawei
7450CD	Huawei
7451BA	Xiaomi
745909	Huawei
745AAA	Huawei
745C2E	Honor
745F00	Samsung
7460FA	Huawei
7463C2	Huawei
74650C	Apple
746DFA	Samsung
746F88	ZTE
747069	Huawei
74718B	Apple
7473B4	Apple
747446	Google
747786	Apple
7478DE	vivo
748114	Apple
748669	OPPO
74866F	ZTE
74872E	Huawei
74882A	Huawei
748A28	Nokia / HMD
748B23	Samsung
748D08	Apple
748DAA	Huawei
748F3C	Apple
748FBF	OPPO
749781	ZTE
749B89	Huawei
749D8F	Huawei
749EAF	Apple
749EF5	Samsung
74A063	Huawei
74A528	Huawei
74A6CD	Apple
74A722	LG
74A78E	ZTE
74A981	Huawei
74B059	Motorola
74B57E	ZTE
74B587	Apple
74B725	Huawei
74B8A8	Huawei
74BEF3	Motorola
74C14F	Huawei
74C17E	LG
74C530	vivo
74CC40	Apple
74D02B	ASUS
74D21D	Huawei
74D558	OPPO
74D5E8	Apple
74D6E5	Huawei
74E147	OPPO
74E1B6	Apple
74E2F5	Apple
74E6B8	LG
74E987	Apple
74E9BF	Huawei
74EB80	Samsung
74EF4B	OPPO
74F2FA	Xiaomi
74F441	Samsung
74F61C	HTC
74F67A	Samsung
74F90F	Huawei
74FC77	Huawei
78009E	Samsung
78028B	Apple
7802F8	Xiaomi
7804E3	Huawei
7806C9	Huawei
78078F	Huawei
78084D	Huawei
780E3E	Huawei
7811DC	Xiaomi
781699	Huawei
7817BE	Huawei
7818A8	Huawei
781A32	Huawei
781D4A	ZTE
781DBA	Huawei
781FDB	Samsung
782327	Samsung
7824AF	ASUS
782599	Huawei
7825AD	Samsung
7826A6	ZTE
782B60	Huawei
782DAD	Huawei
782F02	Honor
78305D	ZTE
78312B	ZTE
7831C1	Apple
7833C6	Samsung
783409	Huawei
7834B4	Huawei
7834FD	vivo
7836CC	OPPO
783716	Samsung
783A84	Apple
783F4D	Apple
7840E4	Samsung
7845B3	Huawei
7845DC	Huawei
7846D4	Samsung
78471D	Samsung
7849D7	Samsung
784F43	Apple
78521A	Samsung
785237	ZTE
785333	Xiaomi
785773	Huawei
785860	Huawei
78595E	Samsung
785B64	Huawei
785C5E	Huawei
785DC8	LG
785ECC	Apple
786089	Samsung
786256	Huawei
7864C0	Apple
7866AE	ZTE
7867D7	Apple
786A89	Huawei
786C1C	Apple
786CAB	OPPO
78753E	Apple
787826	Huawei
787984	Apple
787B8A	Apple
787E42	ZTE
787E61	Apple
788371	Huawei
7885F4	Huawei
78886D	Apple
7890A2	ZTE
78960D	Apple
78966E	Huawei
789682	ZTE
789987	Xiaomi
789ED0	Samsung
789F70	Apple
789FAA	Huawei
78A3E4	Apple
78A7C7	Apple
78A873	Samsung
78ABBB	Samsung
78B46A	Huawei
78B554	Huawei
78B5F2	Huawei
78B6FE	Samsung
78BDBC	Samsung
78C11D	Samsung
78C1A7	ZTE
78C3E9	Samsung
78C5F8	Huawei
78C884	Huawei
78CA39	Apple
78CF2F	Huawei
78CFF9	Huawei
78D162	Apple
78D6DC	Motorola
78D6F0	Samsung
78D752	Huawei
78D75F	Apple
78D840	Xiaomi
78DAAF	Huawei
78DC87	Huawei
78DD33	Huawei
78E0C5	Samsung
78E22C	Huawei
78E3DE	Apple
78E61C	Honor
78E8B6	ZTE
78EB46	Huawei
78EDBC	OnePlus
78F09B	Huawei
78F238	Samsung
78F557	Huawei
78F5FD	Huawei
78F7BE	Samsung
78F882	LG
78FBD8	Apple
78FD94	Apple
7C004D	Huawei
7C0191	Apple
7C035E	Xiaomi
7C03AB	Xiaomi
7C04D0	Apple
7C0A3F	Samsung
7C0BC6	Samsung
7C0CF1	Xiaomi
7C0CFA	Huawei
7C10C9	ASUS
7C11BE	Apple
7C11CB	Huawei
7C162A	Huawei
7C1960	Huawei
7C19E3	Google
7C1AC0	Huawei
7C1B93	Huawei
7C1C68	Samsung
7C1CF1	Huawei
7C1DD9	Xiaomi
7C2302	Samsung
7C2499	Apple
7C296F	Apple
7C2ACA	Apple
7C2ADB	Xiaomi
7C2EBD	Google
7C2EDD	Samsung
7C33F9	Huawei
7C3626	Huawei
7C38AD	Samsung
7C3953	ZTE
7C3985	Huawei
7C3B2D	Apple
7C3D2B	Huawei
7C3E74	Huawei
7C4685	Motorola
7C49EB	Xiaomi
7C4B26	Apple
7C4FCD	Apple
7C5049	Apple
7C59B1	Apple
7C6097	Huawei
7C60DB	ZTE
7C6130	Apple
7C6193	HTC
7C6456	Samsung
7C646C	LG
7C669A	Huawei
7C68B9	Huawei
7C692B	Huawei
7C6B9C	OPPO
7C6D62	Apple
7C6DF8	Apple
7C73EB	Huawei
7C752D	Samsung
7C7668	Huawei
7C787E	Samsung
7C7B1C	Motorola
7C7BBF	Samsung
7C7D21	ZTE
7C7D3D	Huawei
7C852F	Huawei
7C8931	Huawei
7C8956	Samsung
7C8BB5	Samsung
7C90E9	OPPO
7C9122	Samsung
7C942A	Huawei
7C97E1	Huawei
7C9A1D	Apple
7CA05E	Motorola
7CA177	Huawei
7CA1AE	Apple
7CA23E	Huawei
7CA449	Xiaomi
7CA53E	Motorola
7CAB60	Apple
7CB073	realme
7CB15D	Huawei
7CB30A	ZTE
7CB59F	Huawei
7CC06F	Apple
7CC180	Apple
7CC225	Samsung
7CC294	Xiaomi
7CC385	Huawei
7CC3A1	Apple
7CC518	vivo
7CC537	Apple
7CC882	Huawei
7CC8DF	Apple
7CD1AD	Apple
7CD1C3	Apple
7CD2DA	Apple
7CD3E5	Huawei
7CD62C	Apple
7CD661	Xiaomi
7CD95C	Google
7CD9A0	Huawei
7CDC73	Huawei
7CE53F	Huawei
7CECB1	Apple
7CF05F	Apple
7CF0E5	OnePlus
7CF31B	LG
7CF34D	Apple
7CF854	Samsung
7CF90E	Samsung
7CFAD6	realme
7CFADF	Apple
7CFC16	Apple
7CFD6B	Xiaomi
80006E	Apple
800184	HTC
80045F	Apple
800518	Huawei
8006D9	ZTE
800794	Samsung
800C67	Apple
800D3F	Samsung
800EA9	TCL
801242	Apple
801382	Huawei
8018A7	Samsung
801970	Samsung
801D39	Apple
8020FD	Samsung
802A13	realme
802AF6	Honor
802D1A	ZTE
802EC3	Huawei
802EDE	Huawei
8031F0	Samsung
8035C1	Xiaomi
8038BC	Huawei
80398C	Samsung
803C20	Huawei
803FD4	Apple
804126	Huawei
804715	Apple
804786	Samsung
804971	Apple
804A14	Apple
804DCB	Huawei
804E70	Samsung
804E81	Samsung
80542D	Samsung
80549C	Samsung
8054D9	Huawei
8054E3	Apple
805719	Samsung
8058F8	Motorola
805A04	LG
805FC5	Apple
806036	Huawei
80656D	Samsung
80657C	Apple
806933	Huawei
806C1B	Motorola
806F1C	Huawei
80717A	Huawei
807264	Huawei
8075BF	Samsung
807ABF	HTC
807B3E	Samsung
807C0A	ZTE
807D14	Huawei
808223	Apple
8083F6	Apple
808426	Huawei
8086D9	Samsung
808800	ZTE
808943	Samsung
808A8B	vivo
808ABD	Samsung
808F97	Xiaomi
80929F	Apple
80953A	Apple
809621	Lenovo
809698	Apple
809FF5	Samsung
80A997	Apple
80AD16	Xiaomi
80AF19	Apple
80B03D	Apple
80B07B	ZTE
80B575	Huawei
80B686	Huawei
80B82A	realme
80B989	Apple
80BE05	Apple
80BF21	vivo
80CC12	Huawei
80CEB9	Samsung
80CF41	Lenovo
80CFA2	Huawei
80D09B	Huawei
80D1CE	Apple
80D4A5	Huawei
80D605	Apple
80DACE	Huawei
80E1BF	Huawei
80E63C	Xiaomi
80E650	Apple
80E769	realme
80E8A4	ZTE
80EA96	Apple
80ED2C	Apple
80F1A4	Huawei
80FB06	Huawei
84016E	Honor
840511	Apple
840B2D	Samsung
840F4C	Apple
84100D	Motorola
84119E	Samsung
84139F	ZTE
8415D3	Huawei
841623	ZTE
841985	Samsung
841C70	ZTE
8421F1	Huawei
842289	Samsung
842519	Samsung
8425DB	Samsung
842789	Apple
842999	Apple
842E27	Samsung
842F57	Apple
8432EA	ZTE
8437D5	Samsung
843835	Apple
843838	Samsung
843C99	ZTE
843CFC	Huawei
843E92	Huawei
844167	Apple
844693	Xiaomi
8446FE	Huawei
844765	Huawei
845075	Huawei
845181	Samsung
8454DF	Huawei
8455A5	Samsung
8457EB	Motorola
845B12	Huawei
845F04	Samsung
8464DD	Huawei
8467E8	Huawei
846878	Apple
846FCE	OPPO
84716A	Huawei
84742A	ZTE
847460	ZTE
847637	Huawei
84788B	Apple
847A88	HTC
848506	Apple
84850A	ZTE
8488E1	Apple
8489AD	Apple
848C8D	Apple
848E0C	Apple
8492E5	Huawei
8493A0	Huawei
8493B2	ZTE
849437	Apple
849866	Samsung
849FB5	Huawei
84A134	Apple
84A1B7	Honor
84A466	Samsung
84A824	Google
84A8E4	Huawei
84A9C4	Huawei
84AB1A	Apple
84AC16	Apple
84AD58	Huawei
84AD8D	Apple
84AEDE	Xiaomi
84B153	Apple
84B1E4	Apple
84B541	Samsung
84B8B8	Motorola
84BE52	Huawei
84C0EF	Samsung
84CC63	Huawei
84D328	Apple
84D3D5	Huawei
84D7DE	Huawei
84DBA4	Huawei
84DBAC	Huawei
84E986	Huawei
84E9C1	realme
84EE7F	Huawei
84EEE4	Samsung
84F2C1	ZTE
84F5EB	ZTE
84FCAC	Apple
84FCFE	Apple
84FE40	Huawei
8803E9	OPPO
88074B	LG
881032	Apple
88108F	Huawei
881196	Huawei
881566	Huawei
8815C5	Huawei
8817A8	Apple
881908	Apple
881E5A	Apple
881FA1	Apple
88200D	Apple
8828B3	Huawei
88299C	Samsung
882C31	Apple
882F92	Xiaomi
88329B	Samsung
88365F	LG
8836CF	Huawei
883D24	Google
883F27	Huawei
883FD3	Huawei
884033	Huawei
88403B	Huawei
884477	Huawei
884604	Xiaomi
884D7C	Apple
88517A	Nokia / HMD
8851F2	Apple
8852EB	Xiaomi
885395	Apple
8853D4	Huawei
88541F	Google
88548E	vivo
885A06	OPPO
885DFB	ZTE
885E54	Samsung
8863C5	Huawei
8863DF	Apple
886440	Apple
886639	Huawei
88665A	Apple
8866A5	Apple
8867DC	Huawei
88684B	OPPO
88693D	Huawei
886AB1	vivo
886B6E	Apple
886BDB	Apple
886C60	Xiaomi
886D2D	Huawei
886EEB	Huawei
887015	Apple
88708C	Lenovo
887477	Huawei
887598	Samsung
88797E	Motorola
887B2C	ZTE
887E9B	Apple
887FD5	ZTE
8881B9	Huawei
888322	Samsung
888603	Huawei
88892F	Huawei
888E68	Huawei
888FA4	Huawei
889B39	Samsung
889E96	ZTE
889F6F	Samsung
88A0BE	Huawei
88A2D7	Huawei
88A303	Samsung
88A479	Apple
88A9B7	Apple
88ADD2	Samsung
88AE07	Apple
88AE35	realme
88B291	Apple
88B4A6	Motorola
88B4BE	Huawei
88B7EB	Apple
88B8D0	OPPO
88B945	Apple
88B951	Xiaomi
88BCC1	Huawei
88BD45	Samsung
88BFE4	Huawei
88C08B	Apple
88C174	ZTE
88C227	Huawei
88C344	Google
88C397	Xiaomi
88C663	Apple
88C6E8	Huawei
88C78F	ZTE
88C9D0	LG
88CB87	Apple
88CE3F	Huawei
88CEFA	Huawei
88CF98	Huawei
88D274	ZTE
88D50C	OPPO
88D546	Apple
88D7F6	ASUS
88DA04	Huawei
88DDB8	Huawei
88E056	Huawei
88E3AB	Huawei
88E87F	Apple
88E9FE	Apple
88F2CE	Apple
88F56E	Huawei
88F6DC	Huawei
88F7BF	vivo
88F872	Huawei
8C006D	Apple
8C0572	Huawei
8C08AA	Apple
8C0D76	Huawei
8C0EE3	OPPO
8C0F7E	TCL
8C0FC9	Huawei
8C14B4	ZTE
8C15C7	Huawei
8C17B6	Huawei
8C1801	ZTE
8C1ABF	Samsung
8C2114	Huawei
8C2505	Huawei
8C26AA	Apple
8C2937	Apple
8C2DAA	Apple
8C2E72	Samsung
8C3396	Apple
8C3401	OPPO
8C3446	Huawei
8C34FD	Huawei
8C3AE3	LG
8C426D	Huawei
8C49B6	vivo
8C4E46	Motorola
8C53C3	Xiaomi
8C5646	LG
8C5877	Apple
8C5AC1	Huawei
8C5AF8	Xiaomi
8C5EBD	Huawei
8C64A2	OnePlus
8C6794	vivo
8C683A	Huawei
8C68C8	ZTE
8C6A3B	Samsung
8C6BDB	Huawei
8C6D77	Huawei
8C71F8	Samsung
8C7712	Samsung
8C7967	ZTE
8C79F5	Samsung
8C7A3D	Xiaomi
8C7AAA	Apple
8C7B9D	Apple
8C7C92	Apple
8C8283	Apple
8C83E1	Samsung
8C83E8	Huawei
8C8590	Apple
8C861E	Apple
8C862A	Huawei
8C8ACD	Huawei
8C8E0D	ZTE
8C8EF2	Apple
8C8FE9	Apple
8C91A4	Apple
8C938B	realme
8C986B	Apple
8C9885	Samsung
8CA229	Huawei
8CA2F5	Huawei
8CA3EC	Samsung
8CA5CF	Huawei
8CA96D	Huawei
8CAACE	Xiaomi
8CB0E9	Samsung
8CB84A	Samsung
8CBEBE	Xiaomi
8CBFA6	Samsung
8CC246	Apple
8CC5D0	Samsung
8CC8CD	Samsung
8CC9E9	Huawei
8CD0B2	Xiaomi
8CD9D6	Xiaomi
8CDC02	ZTE
8CDEE6	Samsung
8CDEF9	Xiaomi
8CDF2C	vivo
8CE042	vivo
8CE081	ZTE
8CE117	ZTE
8CE5C0	Samsung
8CE5EF	Huawei
8CEA48	Samsung
8CEBC6	Huawei
8CEC7B	Apple
8CEEFD	ZTE
8CF112	Motorola
8CF5A3	Samsung
8CFABA	Apple
8CFADD	Huawei
8CFD18	Huawei
8CFE57	Apple
9000DB	Samsung
900117	Huawei
900325	Huawei
900628	Samsung
9006DB	Huawei
900A48	Samsung
900CC8	Google
9016BA	Huawei
90173F	Huawei
9017AC	Huawei
9017C8	Huawei
90187C	Samsung
901D27	ZTE
902155	HTC
9025F2	Huawei
9027E4	Apple
902AEE	Xiaomi
902BD2	Huawei
902C09	Apple
9035A2	Apple
903C92	Apple
903FC3	Huawei
903FEA	Huawei
904C02	vivo
904CC5	Apple
904DE2	Apple
904E2B	Huawei
905E44	Huawei
905F7A	Apple
9060F1	Apple
90623F	Apple
90633B	Samsung
9064AD	Huawei
90671C	Huawei
9068C3	Motorola
906989	Samsung
907240	Apple
90735A	Motorola
9074F2	Huawei
9078B2	Xiaomi
9079CF	ZTE
907E43	ZTE
90808F	Huawei
90812A	Apple
908158	Apple
908175	Samsung
90840D	Apple
90869B	ZTE
908C43	Apple
908D6C	Apple
909412	OPPO
909497	Huawei
909507	Huawei
9097F3	Samsung
909838	Huawei
909B6F	Apple
909C4A	Apple
90A25B	Apple
90A365	Nokia / HMD
90A57D	Huawei
90A5AF	Huawei
90AC6D	Apple
90ADF7	vivo
90B0ED	Apple
90B141	Motorola
90B144	Samsung
90B21F	Apple
90B622	Samsung
90B790	Apple
90B931	Apple
90B942	ZTE
90B9F9	Motorola
90BA09	Huawei
90C1C6	Apple
90C54A	vivo
90C710	ZTE
90C7D8	ZTE
90C97E	Huawei
90CAFA	Google
90CC7A	Huawei
90CDE8	Apple
90D432	ZTE
90D473	vivo
90D733	Huawei
90D8F3	ZTE
90DD5D	Apple
90DF7D	realme
90E17B	Apple
90E6BA	ASUS
90E7C4	HTC
90ECEA	Apple
90EEC7	Samsung
90F1AA	Samsung
90F644	Huawei
90F80C	Samsung
90F970	Huawei
90F9B7	Huawei
90FB5D	Xiaomi
90FD61	Apple
90FD73	ZTE
90FFD6	Honor
9400B0	Huawei
9401C2	Samsung
94049C	Huawei
9408C7	Huawei
940B19	Huawei
940B83	ZTE
940BCD	Apple
940C98	Apple
940E5F	Apple
940E6B	Huawei
940EE7	Huawei
94147A	vivo
9415B2	Huawei
941625	Apple
941700	Xiaomi
941DD4	Google
942157	Apple
942453	Huawei
942533	Huawei
94261D	Huawei
94286F	ZTE
942B68	Apple
942D3A	ZTE
942DDC	Samsung
9431CB	vivo
9432C1	Honor
94350A	Samsung
943589	Huawei
9437F7	Huawei
943FD6	Apple
9440F3	Huawei
944560	Google
944788	Huawei
9449F6	Huawei
945103	Samsung
945244	Samsung
9454CE	OPPO
945AEA	Huawei
945C9A	Apple
946010	Huawei
94626D	Xiaomi
946372	vivo
9463D1	Samsung
94652D	OnePlus
946A7C	OnePlus
9476B7	Samsung
94772B	Huawei
947AF4	Huawei
947BAE	Xiaomi
947BE7	Samsung
947D77	Huawei
9487E0	Xiaomi
948978	Apple
948AC6	realme
948B93	Xiaomi
948BC1	Samsung
949010	Huawei
949426	Apple
9495A0	Google
9497AE	OPPO
949869	ZTE
949CBE	Huawei
949F8B	ZTE
94A07D	Huawei
94A25D	Huawei
94A4F9	Huawei
94A7B7	ZTE
94AD05	Huawei
94AD23	Apple
94B01F	Apple
94B10A	Samsung
94B271	Huawei
94B43A	Samsung
94BE46	Motorola
94BF2D	Apple
94BF80	ZTE
94CBCD	ZTE
94CE0F	Huawei
94CFB0	Huawei
94D00D	Huawei
94D029	OPPO
94D2BC	Huawei
94D331	Xiaomi
94D54D	Huawei
94D771	Samsung
94DBDA	Huawei
94DF34	Huawei
94E129	Samsung
94E300	Huawei
94E3EE	ZTE
94E4BA	Huawei
94E6BA	Samsung
94E7EA	Huawei
94E7F3	Huawei
94E96A	Apple
94E9EE	Huawei
94EA32	Apple
94EB2C	Google
94EE9F	Nokia / HMD
94F6A3	Apple
94F6D6	Apple
94F6F2	Honor
94FE22	Huawei
98006A	ZTE
9800C6	Apple
9801A7	Apple
9803D8	Apple
98045F	Huawei
98063C	Samsung
980709	Huawei
98076A	Apple
9809CF	OnePlus
980C82	Samsung
980CA5	Motorola
980D2E	HTC
980D51	Huawei
980D6F	Samsung
980DAF	Apple
9810E8	Apple
9812E0	Xiaomi
981333	ZTE
98171A	Xiaomi
9817F1	ZTE
981A35	Huawei
981CA2	Apple
981DFA	Samsung
98247B	Huawei
982AFD	Huawei
982BA6	Motorola
982D68	Samsung
982F86	vivo
982FF8	Huawei
9835ED	Huawei
98398E	Samsung
983A1F	Google
983C8C	Apple
983F60	Huawei
983FA4	ZTE
983FE8	Samsung
9842F5	Apple
9844CE	Huawei
98460A	Apple
984874	Huawei
984B06	Huawei
984E8A	Samsung
98502E	Apple
9851FC	Huawei
985207	Huawei
9852B1	Samsung
98535F	Huawei
985A98	Huawei
985AEB	Apple
9860CA	Apple
986110	Huawei
986610	ZTE
98698A	Apple
986CF5	ZTE
986F60	OPPO
98751A	Huawei
987552	Xiaomi
987A9B	TCL
987EB5	Huawei
987EE3	vivo
9880EE	Samsung
98818A	Huawei
988389	Samsung
98876C	Huawei
98886C	Huawei
9893CC	LG
9898FB	Google
989AB9	ZTE
989C57	Huawei
989E63	Apple
989E85	Honor
989F1E	Huawei
98A375	Huawei
98A5F9	Apple
98ACEF	realme
98AD1D	Huawei
98B08B	Samsung
98B379	Apple
98B3EF	Huawei
98B8BA	LG
98B8BC	Samsung
98B8E3	Apple
98BEDC	Honor
98C08A	Huawei
98C8B8	vivo
98CA33	Apple
98CAB5	Apple
98CF7D	Apple
98D293	Google
98D3D7	Huawei
98D6BB	Apple
98D6F7	LG
98D742	Samsung
98DD60	Apple
98E081	Xiaomi
98E0D9	Apple
98E7F5	Huawei
98E859	Apple
98EE8C	ZTE
98EE94	Xiaomi
98F083	Huawei
98F0AB	Apple
98F3F6	Huawei
98F428	ZTE
98F537	ZTE
98F621	Xiaomi
98FAE3	Xiaomi
98FB27	Samsung
98FE94	Apple
98FEE1	Apple
98FFD0	Lenovo
9C0298	Samsung
9C0351	Huawei
9C04EB	Apple
9C0567	Honor
9C09CA	Huawei
9C0CDF	OPPO
9C1A25	Apple
9C1D36	Huawei
9C207B	Apple
9C2595	Samsung
9C28B3	Apple
9C28EF	Huawei
9C28F7	Xiaomi
9C293F	Apple
9C2A83	Samsung
9C2E7A	Samsung
9C2EA1	Xiaomi
9C2F4E	ZTE
9C35EB	Apple
9C37F4	Huawei
9C3928	Samsung
9C3AAF	Samsung
9C3E53	Apple
9C4929	Huawei
9C4F5F	Google
9C4FAC	ZTE
9C4FDA	Apple
9C52F8	Huawei
9C5636	Huawei
9C5766	Huawei
9C583C	Apple
9C5884	Apple
9C5A81	Xiaomi
9C5C8E	ASUS
9C5F5A	OPPO
9C5FB0	Samsung
9C6076	Apple
9C61D7	Huawei
9C635B	ZTE
9C63ED	ZTE
9C648B	Apple
9C65B0	Samsung
9C69D1	Huawei
9C6B72	realme
9C6F52	ZTE
9C713A	Huawei
9C7370	Huawei
9C73B1	Samsung
9C7403	OPPO
9C741A	Huawei
9C746F	Huawei
9C760E	Apple
9C79E3	Apple
9C7DA3	Huawei
9C823F	Huawei
9C8281	vivo
9C8306	Samsung
9C84BF	Apple
9C862B	Motorola
9C8BA0	Apple
9C8C6E	Samsung
9C8E9C	Huawei
9C924F	Apple
9C9567	Huawei
9C9613	Lenovo
9C9774	Huawei
9C9793	Huawei
9C99A0	Xiaomi
9C9D7E	Xiaomi
9C9E71	Huawei
9C9ED5	Xiaomi
9CA118	Huawei
9CA513	Samsung
9CA5C0	vivo
9CA9C5	Apple
9CA9E4	ZTE
9CAA5D	OPPO
9CB2B2	Huawei
9CB2E8	Huawei
9CB400	ZTE
9CBCF0	Xiaomi
9CBFCD	Huawei
9CC172	Huawei
9CC394	Apple
9CD24B	ZTE
9CD35B	Samsung
9CD917	Motorola
9CDAA8	Apple
9CDBAF	Huawei
9CDF8A	Huawei
9CE063	Samsung
9CE33F	Apple
9CE374	Huawei
9CE65E	Apple
9CE6E7	Samsung
9CE82B	vivo
9CE91C	ZTE
9CEA97	Honor
9CEC61	Huawei
9CF27E	Samsung
9CF387	Apple
9CF3AC	Apple
9CF48E	Apple
9CF531	OPPO
9CFA76	Apple
9CFB77	OPPO
9CFBD5	vivo
9CFC01	Apple
9CFC28	Apple
A00798	Samsung
A0086F	Huawei
A0092E	ZTE
A00A9A	Huawei
A00BBA	Samsung
A00E98	Huawei
A01077	ZTE
A01081	Samsung
A01217	OPPO
A01828	Apple
A01B9E	Samsung
A01C8D	Huawei
A02195	Samsung
A022DE	vivo
A027B6	Samsung
A028ED	Nokia / HMD
A031DB	Huawei
A03299	Lenovo
A03679	Huawei
A036BC	ASUS
A039F7	LG
A03BE3	Apple
A0406F	Huawei
A04147	Huawei
A042D1	Huawei
A0445C	Huawei
A0465A	Motorola
A04839	Huawei
A04EA7	Apple
A04ECF	Apple
A04F85	LG
A05272	Apple
A0552E	ZTE
A0562C	Samsung
A056F3	Apple
A057E3	Huawei
A06090	Samsung
A06974	Honor
A070B7	Huawei
A07591	Samsung
A07817	Apple
A0782D	Apple
A07D9C	Samsung
A0821F	Samsung
A086C6	Xiaomi
A087BE	Apple
A0889D	Huawei
A08CF8	Huawei
A08D16	Huawei
A09169	LG
A091A2	OnePlus
A091C8	ZTE
A09347	OPPO
A0941A	OPPO
A0999B	Apple
A09A0C	Honor
A09A8E	Apple
A09D22	Apple
A0A0DC	Huawei
A0A309	Apple
A0A33B	Huawei
A0AC69	Samsung
A0AD62	Huawei
A0AD9F	ASUS
A0AF12	Huawei
A0B0BD	Samsung
A0B15C	Google
A0B40F	Apple
A0B4A5	Samsung
A0C1C5	Apple
A0C20D	Huawei
A0C926	Huawei
A0CBFD	Samsung
A0CFF5	ZTE
A0D05B	Samsung
A0D1B3	Apple
A0D722	Samsung
A0D795	Apple
A0D7A0	Huawei
A0D7F3	Samsung
A0D807	Huawei
A0DE0F	Huawei
A0DF15	Huawei
A0E390	Apple
A0EC80	ZTE
A0EDCD	Apple
A0EE1A	Apple
A0F450	HTC
A0F479	Huawei
A0FAC8	Huawei
A0FB83	Honor
A0FBC5	Apple
A0FFFD	Nokia / HMD
A400E2	Huawei
A407B6	Samsung
A40987	Apple
A409B3	Huawei
A40F98	OPPO
A41194	Lenovo
A41232	OPPO
A416C0	Apple
A416E7	Huawei
A4178B	Huawei
A41A6E	ZTE
A422B6	Motorola
A42DF1	Motorola
A4307A	Samsung
A43135	Apple
A4373E	Huawei
A43828	Huawei
A439B3	Xiaomi
A43B0E	Huawei
A43D78	OPPO
A44027	ZTE
A44280	Apple
A44343	Huawei
A44380	Huawei
A44519	Xiaomi
A446B4	Huawei
A44BD5	Xiaomi
A45046	Xiaomi
A45590	Xiaomi
A45E60	Apple
A46706	Apple
A46C24	Huawei
A46CF1	Samsung
A46DA4	Huawei
A470D6	Motorola
A47174	Huawei
A475B9	Samsung
A47733	Google
A477F3	Apple
A47952	Huawei
A47B1A	Huawei
A47CC9	Huawei
A47E39	ZTE
A483E7	Apple
A48431	Samsung
A48CDB	Lenovo
A490CE	vivo
A4933F	Huawei
A493AD	Huawei
A493FE	Huawei
A49947	Huawei
A49A58	Samsung
A49B4F	Huawei
A49DDD	Samsung
A49FE7	Samsung
A4A46B	Huawei
A4A490	Samsung
A4A930	Xiaomi
A4AAFE	Huawei
A4AC0F	Huawei
A4B197	Apple
A4B61E	Huawei
A4B805	Apple
A4BA70	Xiaomi
A4BA76	Huawei
A4BD7E	Nokia / HMD
A4BDC4	Huawei
A4BE2B	Huawei
A4C337	Apple
A4C361	Apple
A4C3BE	Xiaomi
A4C54E	Huawei
A4C64F	Huawei
A4C69A	Samsung
A4C6F0	Apple
A4C74B	Huawei
A4C788	Xiaomi
A4C939	OPPO
A4CAA0	Huawei
A4CCB3	Xiaomi
A4CCB9	realme
A4CF03	realme
A4CF99	Apple
A4D18C	Apple
A4D1D2	Apple
A4D23E	Apple
A4D931	Apple
A4D990	Samsung
A4DCBE	Huawei
A4DD58	Huawei
A4E287	Xiaomi
A4E975	Apple
A4EBD3	Samsung
A4F05E	OPPO
A4F1E8	Apple
A4F33B	ZTE
A4F6E6	Apple
A4F6E8	Apple
A4F841	Apple
A4F921	Apple
A4FC14	Apple
A4FF9F	Xiaomi
A802DB	ZTE
A80556	vivo
A80600	Samsung
A809B1	Huawei
A80C63	Huawei
A80DE1	Huawei
A81306	vivo
A816B2	LG
A816D0	Samsung
A81AF1	Apple
A81B5A	OPPO
A82066	Apple
A823FE	LG
A826D9	HTC
A82BB9	Samsung
A82BCD	Huawei
A82BD5	Xiaomi
A82C89	Apple
A830BC	Samsung
A8346A	Samsung
A83512	Huawei
A83759	Huawei
A83B5C	Huawei
A83E0E	Nokia / HMD
A83ED3	Huawei
A84021	ZTE
A84616	Huawei
A8494D	Huawei
A84A28	Apple
A84B4D	Samsung
A85081	Huawei
A8515B	Samsung
A851AB	Apple
A85AE0	Huawei
A85B78	Apple
A85BB7	Apple
A85C2C	Apple
A85E45	ASUS
A85F61	Apple
A860B6	Apple
A8667F	Apple
A86A86	Xiaomi
A86E4E	Huawei
A86F36	vivo
A87484	ZTE
A87650	Samsung
A87971	Huawei
A8798D	Samsung
A87C01	Samsung
A87C45	Huawei
A87CF8	Apple
A87D12	Huawei
A8817E	Apple
A88195	Samsung
A886DD	Apple
A887B3	Samsung
A88808	Apple
A888CE	OPPO
A88940	Huawei
A88E24	Apple
A88FD9	Apple
A8913D	Apple
A8922C	LG
A89675	Motorola
A8968A	Apple
A89892	OPPO
A89A8C	ZTE
A89C78	Apple
A89CED	Xiaomi
A89FBA	Samsung
A8A668	ZTE
A8AA7C	Huawei
A8ABB5	Apple
A8B271	Huawei
A8B86E	LG
A8BA69	Samsung
A8BB56	Apple
A8BBCF	Apple
A8BE27	Apple
A8C092	Huawei
A8C252	Huawei
A8C407	Huawei
A8C56F	OPPO
A8C83A	Huawei
A8CA7B	Huawei
A8CAB9	Samsung
A8CC6F	Nokia / HMD
A8D081	Huawei
A8D162	Samsung
A8D4E0	Huawei
A8D601	Huawei
A8DB03	Samsung
A8E544	Huawei
A8E978	Huawei
A8EE67	Samsung
A8EF5F	realme
A8F059	Huawei
A8F07C	Huawei
A8F266	Huawei
A8F274	Samsung
A8F5AC	Huawei
A8FAD8	Apple
A8FB45	Google
A8FE9D	Apple
A8FFBA	Huawei
AC007A	Apple
AC00D0	ZTE
AC0416	ZTE
AC075F	Huawei
AC0775	Apple
AC0D1B	LG
AC15F4	Apple
AC1615	Apple
AC1D06	Apple
AC1E92	Samsung
AC1E9E	Xiaomi
AC1F74	Apple
AC220B	ASUS
AC2241	Huawei
AC293A	Apple
AC3184	Huawei
AC3328	Huawei
AC3613	Samsung
AC3743	HTC
AC3870	Lenovo
AC3971	realme
AC3C0B	Apple
AC3EB1	Google
AC401E	vivo
AC4500	Apple
AC45CA	OPPO
AC471B	Huawei
AC49DB	Apple
AC4E91	Huawei
AC51AB	Huawei
AC5322	Samsung
AC5775	Nokia / HMD
AC5A14	Samsung
AC5AF0	LG
AC5C2C	Apple
AC5E14	Huawei
AC5F3E	Samsung
AC5FEA	OnePlus
AC6089	Huawei
AC6175	Huawei
AC61EA	Apple
AC6462	ZTE
AC6490	Huawei
AC6784	Google
AC6C90	Samsung
AC7352	OPPO
AC751D	Huawei
AC764C	OPPO
AC7A94	OPPO
AC7E01	Huawei
AC7F3E	Apple
AC80FB	Samsung
AC82F0	Apple
AC853D	Huawei
AC86A3	Apple
AC87A3	Apple
AC88FD	Apple
AC8AC7	Huawei
AC8C46	Xiaomi
AC8D34	Huawei
AC9073	Huawei
AC9085	Apple
AC9232	Huawei
AC936A	Huawei
AC9738	Apple
AC9929	Huawei
AC9E17	ASUS
ACAD4B	ZTE
ACAFB9	Samsung
ACB3B5	Huawei
ACBC32	Apple
ACBCB5	Apple
ACBD70	Huawei
ACC048	OnePlus
ACC1EE	Xiaomi
ACC33A	Samsung
ACC4BD	OPPO
ACC5B4	Huawei
ACC906	Apple
ACC9FF	realme
ACCF5C	Apple
ACCF85	Huawei
ACD618	OnePlus
ACDCCA	Huawei
ACDFA1	Apple
ACE011	Huawei
ACE215	Huawei
ACE342	Huawei
ACE4B5	Apple
ACE4D8	Xiaomi
ACE606	Honor
ACE6BB	Google
ACE6FB	Apple
ACE87B	Huawei
ACEAEA	Huawei
ACEE9E	Samsung
ACF6F7	LG
ACF7F3	Xiaomi
ACF970	Huawei
ACFDEC	Apple
ACFF6B	Huawei
B00875	Huawei
B00AD5	ZTE
B00B22	Huawei
B01656	Huawei
B01831	Apple
B019C6	Apple
B0216F	Huawei
B02491	Huawei
B02A43	Google
B02EE0	Huawei
B03366	vivo
B03495	Apple
B035B5	Apple
B03795	LG
B03ACE	Huawei
B03F64	Apple
B042B7	Huawei
B04502	Huawei
B04692	OPPO
B047BF	Samsung
B0481A	Apple
B04A6A	Samsung
B04AB4	Motorola
B05476	Samsung
B05508	Huawei
B05A7B	Huawei
B05B67	Huawei
B064E0	Samsung
B065BD	Apple
B067B5	Apple
B06A41	Google
B06E72	realme
B06EBF	ASUS
B06FE0	Samsung
B0702D	Apple
B07219	Apple
B0735D	Huawei
B075D5	ZTE
B0761B	Huawei
B07994	Motorola
B07ADF	Huawei
B08101	Honor
B082E2	ASUS
B08900	Huawei
B08B92	ZTE
B08C75	Apple
B09200	Apple
B098BC	Huawei
B0995A	Huawei
B099D7	Samsung
B09C63	Xiaomi
B09CB2	Google
B09FBA	Apple
B0A187	realme
B0A4F0	Huawei
B0AA36	OPPO
B0ACD2	ZTE
B0B194	ZTE
B0B5C3	OPPO
B0BBA9	Apple
B0BE83	Apple
B0C19E	ZTE
B0C2C7	Motorola
B0C38E	Huawei
B0C4E7	Samsung
B0C559	Samsung
B0C61C	Huawei
B0C787	Huawei
B0C952	OPPO
B0CA68	Apple
B0CAE7	Huawei
B0CCFE	Huawei
B0D09C	Samsung
B0D576	Apple
B0D5FB	Google
B0D77E	Huawei
B0DE28	Apple
B0DE31	Samsung
B0DF3A	Samsung
B0E17E	Huawei
B0E235	Xiaomi
B0E45C	Samsung
B0E4D5	Google
B0E5ED	Huawei
B0E5EF	Apple
B0E5F9	Apple
B0EB57	Huawei
B0EC69	Apple
B0EC71	Samsung
B0ECDD	Huawei
B0F079	OPPO
B0F1D8	Apple
B0F2F6	Samsung
B0FA8B	Huawei
B0FEE5	Huawei
B40421	ZTE
B405A1	Xiaomi
B407F9	Samsung
B40931	Huawei
B40B1D	Samsung
B40FB3	vivo
B41324	Google
B414E6	Huawei
B41513	Huawei
B41584	Samsung
B418D1	Apple
B41974	Apple
B41A1D	Samsung
B41BB0	Apple
B41C30	ZTE
B41DC4	Huawei
B4205B	OPPO
B423A2	Google
B42BB9	Huawei
B43052	Huawei
B43161	realme
B43836	Huawei
B4394C	Huawei
B43A28	Samsung
B43AE2	Huawei
B440A4	Apple
B440DC	Samsung
B44326	Huawei
B44389	Huawei
B44BD2	Apple
B454F2	Huawei
B45575	Apple
B456E3	Apple
B457E6	OPPO
B45976	Apple
B45F84	ZTE
B460ED	Xiaomi
B46142	Huawei
B46293	Samsung
B46E08	Huawei
B46E10	vivo
B47064	Samsung
B472D4	ZTE
B47443	Samsung
B476A4	Huawei
B479A7	Samsung
B47B1A	Huawei
B47CA6	ZTE
B47E9F	Xiaomi
B485E1	Apple
B48655	Huawei
B48901	Huawei
B48B19	Apple
B49107	Huawei
B496A5	Apple
B49842	ZTE
B49A7D	OPPO
B49CDF	Apple
B49D02	Samsung
B49D6B	vivo
B4A10A	Huawei
B4A5AC	OPPO
B4A898	Huawei
B4AEC1	Apple
B4B055	Huawei
B4B291	LG
B4B362	ZTE
B4B650	realme
B4B853	Honor
B4BFF6	Samsung
B4C2F7	Huawei
B4C3D9	Huawei
B4C4FC	Xiaomi
B4CB57	OPPO
B4CD27	Huawei
B4CE40	Samsung
B4CEF6	HTC
B4D1F6	Huawei
B4D5E5	Samsung
B4DEDF	ZTE
B4E3D0	LG
B4E5C5	Huawei
B4EF39	Samsung
B4F0AB	Apple
B4F18C	Huawei
B4F1DA	LG
B4F49B	Huawei
B4F58E	Huawei
B4F61C	Apple
B4F7A1	LG
B4FA48	Apple
B4FBF9	Huawei
B4FF98	Huawei
B8005B	Huawei
B8011F	Apple
B80533	Apple
B805AB	ZTE
B80716	vivo
B808D7	Huawei
B8098A	Apple
B80B9A	Huawei
B80C68	Honor
B8144D	Apple
B8145C	Huawei
B817C2	Apple
B81D1F	Huawei
B81DAA	LG
B81E9E	Huawei
B8211C	Apple
B8220C	Apple
B827C5	Huawei
B82AA9	Apple
B82B68	Huawei
B83446	Motorola
B8374A	Apple
B83765	OPPO
B83BCC	Xiaomi
B83C20	Huawei
B83C28	Apple
B841A4	Apple
B844D9	Apple
B845EB	Apple
B8496D	Apple
B84FA7	Apple
B850D8	Xiaomi
B85213	ZTE
B852E0	Xiaomi
B85384	Xiaomi
B853AC	Apple
B85600	Huawei
B857D8	Samsung
B85A73	Samsung
B85D0A	Apple
B85DC3	Huawei
B85E7B	Samsung
B85FB0	Huawei
B8634D	Apple
B86CE8	Samsung
B8752E	Huawei
B8782E	Apple
B87BC5	Apple
B87BD4	Google
B87CD0	Huawei
B87E39	Motorola
B87E40	Huawei
B881FA	Apple
B8857B	Huawei
B88D12	Apple
B88E82	Huawei
B88F27	realme
B89047	Apple
B89436	Huawei
B894E7	Xiaomi
B898AD	Motorola
B89FCC	Huawei
B8A0B8	Samsung
B8A25D	Motorola
B8A825	Samsung
B8B1EA	Honor
B8B2F8	Apple
B8B409	Samsung
B8BBAF	Samsung
B8BC1B	Huawei
B8BC5B	Samsung
B8C111	Apple
B8C385	Huawei
B8C68E	Samsung
B8C74A	OPPO
B8C75D	Apple
B8C9B5	OPPO
B8D43E	vivo
B8D4BC	ZTE
B8D4C3	Huawei
B8D6F6	Huawei
B8D9CE	Samsung
B8DAE8	Huawei
B8DB38	Google
B8DD71	ZTE
B8E28C	Motorola
B8E3B1	Huawei
B8E60C	Apple
B8E856	Apple
B8EA98	Xiaomi
B8F0B9	ZTE
B8F12A	Apple
B8F4A4	Google
B8F6B1	Apple
B8FF61	Apple
BC0023	Honor
BC024A	Nokia / HMD
BC0963	Apple
BC0EAB	Samsung
BC107B	Samsung
BC1485	Samsung
BC1695	ZTE
BC1827	Apple
BC1896	Huawei
BC1AE4	Huawei
BC1D89	Motorola
BC1E85	Huawei
BC20A4	Samsung
BC239F	vivo
BC25E0	Huawei
BC277A	Samsung
BC2DEF	realme
BC2EF6	Huawei
BC2F3D	vivo
BC32B2	Samsung
BC36F7	Huawei
BC37D3	Apple
BC3AEA	OPPO
BC3BAF	Apple
BC3D85	Huawei
BC3ECB	vivo
BC3F8F	Huawei
BC41A0	ZTE
BC4486	Samsung
BC4529	ZTE
BC455B	Samsung
BC4760	Samsung
BC4C78	Huawei
BC4CA0	Huawei
BC4CC4	Apple
BC4F2D	Apple
BC5274	Samsung
BC52B7	Apple
BC5436	Apple
BC5451	Samsung
BC5E91	Honor
BC6193	Xiaomi
BC620E	Huawei
BC629C	ZTE
BC64D9	OPPO
BC6778	Apple
BC68C3	Huawei
BC6AD1	Xiaomi
BC6C21	Apple
BC72B1	Samsung
BC74EA	Apple
BC7574	Huawei
BC765E	Samsung
BC7670	Huawei
BC76C5	Huawei
BC79AD	Samsung
BC7ABF	Samsung
BC7B72	Huawei
BC7E8B	Samsung
BC7F7B	Huawei
BC7FA4	Xiaomi
BC804E	Apple
BC851F	Samsung
BC89A7	Apple
BC89C1	Apple
BC8CCD	Samsung
BC926B	Apple
BC9307	Samsung
BC9789	Huawei
BC9829	vivo
BC98DF	Motorola
BC9930	Huawei
BC9A53	Huawei
BC9C31	Huawei
BC9F58	Apple
BC9FEF	Apple
BCA080	Samsung
BCA0B9	Huawei
BCA231	Huawei
BCA58B	Samsung
BCA5A9	Apple
BCA920	Apple
BCAEC5	ASUS
BCB0E7	Huawei
BCB1F3	Samsung
BCB2CC	Samsung
BCB863	Apple
BCBB58	Apple
BCBCCA	Huawei
BCBD84	ZTE
BCBF2E	ASUS
BCC427	Huawei
BCCD7F	Huawei
BCCFCC	HTC
BCD074	Apple
BCD11F	Samsung
BCD206	Huawei
BCDF58	Google
BCE143	Apple
BCE265	Huawei
BCE63F	Samsung
BCE8FA	OPPO
BCEBE8	Samsung
BCEC5D	Apple
BCEE7B	ASUS
BCF45F	ZTE
BCF5AC	LG
BCF730	Samsung
BCF88B	ZTE
BCFCE7	ASUS
BCFED9	Apple
BCFF54	ZTE
BCFFEB	Motorola
C0060C	Huawei
C010B1	Nokia / HMD
C01173	Samsung
C01693	Xiaomi
C0174D	Samsung
C01754	Apple
C01ADA	Apple
C01C6A	Google
C0238D	Samsung
C0280B	Honor
C02C5C	Apple
C02E25	OPPO
C02FCD	OPPO
C03379	Huawei
C03D03	Samsung
C03E50	Huawei
C03E75	Huawei
C03FDD	Huawei
C041F6	LG
C04327	realme
C04442	Apple
C04754	vivo
C048E6	Samsung
C04943	ZTE
C04E8A	Huawei
C0515C	ZTE
C05234	Huawei
C05724	Honor
C05B44	Xiaomi
C05BBD	Huawei
C06194	Huawei
C06394	Apple
C06599	Samsung
C06B55	Motorola
C06C0C	Apple
C07009	Huawei
C07831	Huawei
C07982	TCL
C07AD6	Samsung
C083C9	Huawei
C0847A	Apple
C084E0	Huawei
C087EB	Samsung
C08997	Samsung
C08B05	Huawei
C08C71	Motorola
C09296	ZTE
C094AD	ZTE
C0956D	Apple
C09727	Samsung
C09AD0	Apple
C09B63	Huawei
C09F05	OPPO
C09F42	Apple
C09FE1	ZTE
C0A36D	Huawei
C0A53E	Apple
C0A600	Apple
C0A938	Huawei
C0AB2B	Huawei
C0B101	ZTE
C0B22F	Apple
C0B47D	Huawei
C0B5CD	Huawei
C0B658	Apple
C0BC9A	Huawei
C0BDC8	Samsung
C0BDD1	Samsung
C0BFAC	Huawei
C0BFC0	Huawei
C0C7DB	Apple
C0CCF8	Apple
C0CECD	Apple
C0D012	Apple
C0D026	Huawei
C0D193	Huawei
C0D2DD	Samsung
C0D3C0	Samsung
C0D46B	Huawei
C0D5E2	Samsung
C0DA5E	Huawei
C0DCD7	Huawei
C0DCDA	Samsung
C0E018	Huawei
C0E1BE	Huawei
C0E3FB	Huawei
C0E579	Huawei
C0E862	Apple
C0EDE5	OPPO
C0EEFB	OnePlus
C0F2FB	Apple
C0F4E6	Huawei
C0F6C2	Huawei
C0F6EC	Huawei
C0F9B0	Huawei
C0FD84	ZTE
C0FFA8	Huawei
C40528	Huawei
C40683	Huawei
C4072F	Huawei
C40B31	Apple
C40BCB	Xiaomi
C40D96	Huawei
C41234	Apple
C412EC	Huawei
C41411	Apple
C41688	Huawei
C4168F	Apple
C416C8	Huawei
C4170E	Huawei
C418E9	Samsung
C41C07	Samsung
C42155	Huawei
C421B9	ZTE
C42728	ZTE
C4278C	Huawei
C42AD0	Apple
C42B44	Huawei
C42C03	Apple
C4345B	Huawei
C435D9	Apple
C43EAB	Huawei
C440F6	OPPO
C44202	Samsung
C4438F	LG
C4447D	Huawei
C4473F	Huawei
C4491B	Apple
C4493E	Motorola
C44F5F	Huawei
C45006	Samsung
C4524F	Apple
C4550D	Huawei
C4576E	Samsung
C457CD	Huawei
C45A86	Huawei
C45BAC	Apple
C45D83	Samsung
C45E5C	Huawei
C4618B	Apple
C462EA	Samsung
C463C4	Huawei
C46699	vivo
C467D1	Huawei
C46940	Xiaomi
C469F0	Huawei
C46AB7	Xiaomi
C46DD1	Huawei
C4710F	Xiaomi
C4731E	Samsung
C4741E	ZTE
C475EA	Huawei
C47764	Samsung
C478A2	Huawei
C47BE3	Huawei
C47D9F	Samsung
C48025	Huawei
C48466	Apple
C484C0	Motorola
C484FC	Apple
C486E9	Huawei
C488E5	Samsung
C4910C	Apple
C492D9	ZTE
C493BB	Xiaomi
C493D9	Samsung
C49880	Apple
C49A02	LG
C49D08	Huawei
C49F4C	Huawei
C4A052	Motorola
C4A1AE	Huawei
C4A366	ZTE
C4A402	Huawei
C4AA99	Huawei
C4ABB2	vivo
C4ACAA	Apple
C4AE12	Samsung
C4B1D9	Huawei
C4B301	Apple
C4B349	Apple
C4B8B4	Huawei
C4BB03	Huawei
C4C17D	Apple
C4C36B	Apple
C4CCF9	ZTE
C4D438	Huawei
C4D738	Huawei
C4D8D4	Huawei
C4DB04	Huawei
C4DE7B	Huawei
C4DF39	realme
C4E1A1	OPPO
C4E287	Huawei
C4E39F	OPPO
C4EB81	Apple
C4EBFF	ZTE
C4EF3D	Samsung
C4F081	Huawei
C4F445	Apple
C4F7C1	Apple
C4FBAA	Huawei
C4FE5B	OPPO
C4FF1F	Huawei
C4FF22	Huawei
C805A4	Motorola
C808E9	LG
C80CC8	Huawei
C8120B	Samsung
C81451	Huawei
C81479	Samsung
C816DA	realme
C819F7	Samsung
C81EE7	Apple
C81FBE	Huawei
C81FE8	Apple
C82832	Xiaomi
C82A14	Apple
C82ADD	Google
C83049	Huawei
C8334B	Apple
C833E5	Huawei
C83870	Samsung
C839AC	Huawei
C83C85	Apple
C83DDC	Xiaomi
C83E9E	Huawei
C8418A	Samsung
C84C78	ZTE
C850CE	Huawei
C85142	Samsung
C85195	Huawei
C85895	Motorola
C85A9F	ZTE
C85CCC	Xiaomi
C86000	ASUS
C864C7	ZTE
C868DE	Huawei
C869CD	Apple
C86F1D	Apple
C875DD	LG
C87B5B	ZTE
C87E75	Samsung
C87EA1	TCL
C87F54	ASUS
C8806D	Apple
C884CF	Huawei
C88550	Apple
C889F3	Apple
C88D83	Huawei
C8908A	Samsung
C890F7	Huawei
C894BB	Huawei
C89828	ZTE
C89BAD	Honor
C89BD7	realme
C89D18	Huawei
C89F0C	Motorola
C89F1A	Huawei
C8A1DC	Motorola
C8A4CD	realme
C8A6EF	Samsung
C8A776	Huawei
C8A823	Samsung
C8B0B2	ZTE
C8B1CD	Apple
C8B5B7	Apple
C8B6D3	Huawei
C8B78A	Huawei
C8BA94	Samsung
C8BB81	Huawei
C8BC9C	Huawei
C8BCC8	Apple
C8BD4D	Samsung
C8BD69	Samsung
C8BF4C	Xiaomi
C8BFFE	Huawei
C8C2FA	Huawei
C8C465	Huawei
C8C750	Motorola
C8CA63	Huawei
C8D083	Apple
C8D15E	Huawei
C8D1A9	Huawei
C8D7B0	Samsung
C8D959	Motorola
C8DDC9	Lenovo
C8E0EB	Apple
C8E31D	Huawei
C8E5E0	Huawei
C8E600	Huawei
C8EAF8	ZTE
C8F230	OPPO
C8F319	LG
C8F650	Apple
CC033D	Xiaomi
CC051B	Samsung
CC0577	Huawei
CC07AB	Samsung
CC07E4	Lenovo
CC087B	Huawei
CC088D	Apple
CC08E0	Apple
CC08FA	Apple
CC0DF2	Motorola
CC115A	Apple
CC1AFA	ZTE
CC1E56	Huawei
CC1E97	Huawei
CC208C	Huawei
CC20AC	Samsung
CC20E8	Apple
CC2119	Samsung
CC22FE	Apple
CC25EF	Apple
CC2746	Apple
CC28AA	ASUS
CC29BD	ZTE
CC29F5	Apple
CC2D83	OPPO
CC2D8C	LG
CC2DB7	Apple
CC312A	TCL
CC3296	Huawei
CC38E1	Huawei
CC3A61	Samsung
CC3DD1	Huawei
CC3F36	Apple
CC4210	Xiaomi
CC4460	Huawei
CC4463	Apple
CC464E	Samsung
CC4B04	Apple
CC4D75	Xiaomi
CC53B5	Huawei
CC5C61	Huawei
CC6023	Apple
CC61E5	Motorola
CC6200	Honor
CC64A6	Huawei
CC660A	Apple
CC68E0	Apple
CC69FA	Apple
CC6EA4	Samsung
CC722A	Apple
CC763A	ZTE
CC785F	Apple
CC7B35	ZTE
CC808F	Apple
CC812A	vivo
CC817D	Apple
CC895E	Huawei
CC8A84	Huawei
CC9096	Huawei
CC915B	Huawei
CC96A0	Huawei
CC98EF	OPPO
CC9ECA	Nokia / HMD
CCA08F	ZTE
CCA12B	TCL
CCA223	Huawei
CCA7C1	Google
CCB0A8	Huawei
CCB11A	Samsung
CCB182	Huawei
CCB5D1	Xiaomi
CCB775	Huawei
CCB777	ZTE
CCB7C4	Huawei
CCBA6F	Huawei
CCBBFE	Huawei
CCBC2B	Huawei
CCBCE3	Huawei
CCBE61	Apple
CCC253	ZTE
CCC3EA	Motorola
CCC760	Apple
CCC95D	Apple
CCCC81	Huawei
CCD281	Apple
CCD73C	Huawei
CCD843	Xiaomi
CCDA20	Xiaomi
CCE686	Samsung
CCE9FA	Samsung
CCEB5E	Xiaomi
CCF411	Google
CCF826	Samsung
CCF9E8	Samsung
CCF9F0	Samsung
CCFA00	LG
CCFA66	Huawei
CCFA95	Honor
CCFE3C	Samsung
CCFF90	Huawei
D0034B	Apple
D003DF	Samsung
D00401	Motorola
D00477	Huawei
D004B0	Samsung
D005E4	Huawei
D00DF7	Huawei
D011E5	Apple
D013FD	LG
D0154A	ZTE
D016B4	Huawei
D0176A	Samsung
D017C2	ASUS
D01B49	Samsung
D020DD	OPPO
D022BE	Samsung
D023DB	Apple
D02544	Samsung
D02598	Apple
D028BA	realme
D02B20	Apple
D02DB3	Huawei
D03169	Samsung
D03311	Apple
D039FA	Samsung
D03E07	Apple
D03E5C	Huawei
D03FAA	Apple
D0497C	OnePlus
D04D86	Apple
D04E99	Huawei
D04F7E	Apple
D056FB	Samsung
D058A5	Apple
D058A8	ZTE
D05919	ZTE
D059E4	Samsung
D05AFD	realme
D05BA8	ZTE
D0608C	ZTE
D06158	Huawei
D06544	Apple
D065B3	TCL
D065CA	Huawei
D0667B	Samsung
D069C1	Huawei
D06B78	Apple
D06DC8	Huawei
D06F82	Huawei
D071C4	ZTE
D07380	Huawei
D07714	Motorola
D07AB5	Huawei
D07D33	Huawei
D07E01	Huawei
D07FA0	Samsung
D0817A	Apple
D087E2	Samsung
D0880C	Apple
D09282	Apple
D094CF	Huawei
D096EA	vivo
D097FE	realme
D09C7A	Xiaomi
D09CAE	vivo
D0A637	Apple
D0AE05	Xiaomi
D0B128	Samsung
D0B324	Apple
D0B45D	Huawei
D0BB61	ZTE
D0C050	Apple
D0C1B1	Samsung
D0C1BF	Xiaomi
D0C24E	Samsung
D0C5F3	Apple
D0C65B	Huawei
D0C67F	Huawei
D0C730	ZTE
D0CDBF	LG
D0CEC0	Xiaomi
D0D003	Samsung
D0D04B	Huawei
D0D23C	Apple
D0D2B0	Apple
D0D49F	Apple
D0D783	Huawei
D0D7BE	Huawei
D0DAD7	Apple
D0DD7C	ZTE
D0DFC7	Samsung
D0E140	Apple
D0E581	Apple
D0EFC1	Huawei
D0F3F5	Huawei
D0F4F7	Huawei
D0F815	Huawei
D0F88C	Motorola
D0F928	ZTE
D0F99B	ZTE
D0FCCC	Samsung
D0FF98	Huawei
D40B1A	HTC
D40F9E	Apple
D411A3	Samsung
D4126E	Apple
D41761	Xiaomi
D41A3F	OPPO
D4206D	HTC
D4223F	Lenovo
D42CA6	Samsung
D42DCC	Apple
D42FCA	Apple
D43538	Xiaomi
D436DB	OPPO
D437D7	ZTE
D43A2C	Google
D440F0	Huawei
D4438A	Xiaomi
D44649	Huawei
D446E1	Apple
D44F67	Huawei
D4503F	OPPO
D4532A	Xiaomi
D45763	Apple
D45B51	Motorola
D45D64	ASUS
D45E89	Motorola
D45EEC	Xiaomi
D45F2C	ZTE
D45F7A	Huawei
D4612E	Huawei
D46195	ZTE
D4619D	Apple
D461DA	Apple
D462EA	Huawei
D463C0	Apple
D463C6	Motorola
D463DE	vivo
D467D3	OPPO
D468AA	Apple
D46AA8	Huawei
D46BA6	Huawei
D46E5C	Huawei
D47226	ZTE
D47327	Huawei
D47415	Huawei
D476EA	ZTE
D47954	Huawei
D47A97	realme
D47AE2	Samsung
D487D8	Samsung
D48866	Huawei
D48890	Samsung
D48A39	Samsung
D48FA2	Huawei
D4909C	Apple
D49400	Huawei
D494E8	Huawei
D4955D	ZTE
D4970B	Xiaomi
D498B9	vivo
D49A20	Apple
D49DC0	Samsung
D49E05	ZTE
D49FDD	Huawei
D4A148	Huawei
D4A254	Huawei
D4A33D	Apple
D4A365	Xiaomi
D4A923	Huawei
D4AE05	Samsung
D4B110	Huawei
D4B709	ZTE
D4BAFA	OPPO
D4BBC8	vivo
D4BBE6	Huawei
D4C1C8	ZTE
D4C94B	Motorola
D4CBCC	vivo
D4CE40	Apple
D4D51B	Huawei
D4D7CF	realme
D4D892	Huawei
D4DA21	Xiaomi
D4DCCD	Apple
D4E3C5	ZTE
D4E6B7	Samsung
D4E8B2	Samsung
D4ECAB	vivo
D4F0EA	Xiaomi
D4F242	Huawei
D4F46F	Apple
D4F547	Google
D4F756	ZTE
D4F9A1	Huawei
D4FB8E	Apple
D4FF1A	Apple
D8004D	Apple
D801D0	Huawei
D80831	Samsung
D8097F	ZTE
D80A60	Huawei
D80AE6	ZTE
D80B9A	Samsung
D80E29	vivo
D8109F	Huawei
D814DF	TCL
D81BB5	Huawei
D81C79	Apple
D81D72	Apple
D81EDD	OPPO
D820A2	Huawei
D82918	Huawei
D829F8	Huawei
D83062	Apple
D8312C	ZTE
D83139	ZTE
D831CF	Samsung
D832E3	Xiaomi
D84008	Huawei
D846CE	Apple
D847BB	Huawei
D8490B	Huawei
D84A2B	ZTE
D84A83	vivo
D84C90	Apple
D84FB8	LG
D850E6	ASUS
D853BC	Lenovo
D85437	Huawei
D854F2	Huawei
D85575	Samsung
D855A3	ZTE
D857EF	Samsung
D85982	Huawei
D85B2A	Samsung
D860C5	OPPO
D8630D	Motorola
D86375	Xiaomi
D867D3	Huawei
D86852	Huawei
D868A0	Samsung
D868C3	Samsung
D86BFC	ZTE
D86C63	Google
D86D17	Huawei
D87154	Samsung
D87157	Lenovo
D87475	Apple
D87495	ZTE
D874DF	Huawei
D876AE	Huawei
D880DC	Huawei
D8855E	ZTE
D88863	Huawei
D88ADC	Huawei
D88C73	ZTE
D88C79	Google
D88F76	Apple
D890E8	Samsung
D89333	Huawei
D893D4	Xiaomi
D89695	Apple
D89A0D	ZTE
D89B3B	Huawei
D89D13	Samsung
D89E3F	Apple
D89E61	Huawei
D8A0E8	ZTE
D8A25E	Apple
D8A315	vivo
D8A35C	Samsung
D8A491	Huawei
D8A8C8	ZTE
D8AD49	Honor
D8B053	Xiaomi
D8B249	Huawei
D8B2AA	ZTE
D8B377	HTC
D8BB2C	Apple
D8BE1F	Apple
D8C4E9	Samsung
D8C771	Huawei
D8C960	Huawei
D8CC98	Huawei
D8CE3A	Xiaomi
D8CF9C	Apple
D8CFBF	Motorola
D8D1CB	Apple
D8DAF1	Huawei
D8DC40	Apple
D8DE3A	Apple
D8E0E1	Samsung
D8E374	Xiaomi
D8E593	Apple
D8E844	ZTE
D8EB46	Google
D8EDA8	Xiaomi
D8EF42	Huawei
DC028E	ZTE
DC080F	Apple
DC094C	Huawei
DC0B34	LG
DC0C5C	Apple
DC1057	Apple
DC121D	Huawei
DC16B2	Huawei
DC1AC5	vivo
DC21E2	Huawei
DC2727	Huawei
DC2B2A	Apple
DC2B61	Apple
DC2D04	vivo
DC2D3C	Huawei
DC3052	ZTE
DC31D1	vivo
DC333D	Huawei
DC3642	ZTE
DC3714	Apple
DC415F	Apple
DC42C8	Huawei
DC44B6	Samsung
DC45B8	Apple
DC5193	ZTE
DC5285	Apple
DC5392	Apple
DC5583	OPPO
DC56E7	Apple
DC6180	Huawei
DC621F	Huawei
DC6672	Samsung
DC6880	ZTE
DC69E2	Samsung
DC6AE7	Xiaomi
DC6B1B	Huawei
DC6DBC	Apple
DC6DCD	OPPO
DC7137	ZTE
DC7144	Samsung
DC71D0	Apple
DC729B	Huawei
DC7385	Huawei
DC74A8	Samsung
DC7794	Huawei
DC7E1D	Huawei
DC7EF5	Huawei
DC8084	Apple
DC868D	Huawei
DC86D8	Apple
DC87F8	Samsung
DC8983	Samsung
DC8C1B	vivo
DC8E6D	Huawei
DC9088	Huawei
DC9166	Huawei
DC9396	Apple
DC9566	Apple
DC9914	Huawei
DC9B9C	Apple
DC9C99	Huawei
DC9DED	Samsung
DC9E8F	Apple
DCA281	Honor
DCA4CA	Apple
DCA782	Huawei
DCA904	Apple
DCA956	OPPO
DCB4CA	OPPO
DCB54F	Apple
DCB72E	Xiaomi
DCBFE9	Motorola
DCC49C	Samsung
DCC64B	Huawei
DCCCE6	Samsung
DCCF96	Samsung
DCD2FC	Huawei
DCD2FD	Huawei
DCD3A2	Apple
DCD444	Huawei
DCD7A0	Huawei
DCD916	Huawei
DCDB27	Huawei
DCDCE2	Samsung
DCDFD6	ZTE
DCE541	Apple
DCE55B	Google
DCE5D8	ZTE
DCEB4D	Motorola
DCED83	Xiaomi
DCEE06	Huawei
DCEF80	Huawei
DCF4CA	Apple
DCF756	Samsung
DCF8B9	ZTE
E00084	Huawei
E0036B	Samsung
E00630	Huawei
E00CE5	Huawei
E00DEE	Huawei
E013B5	vivo
E0150B	Huawei
E0191D	Huawei
E01954	ZTE
E01ADF	Google
E01F34	Nokia / HMD
E01F6A	Huawei
E01F88	Xiaomi
E01FFC	Motorola
E0247F	Huawei
E02481	Huawei
E02611	Apple
E02861	Huawei
E02967	Nokia / HMD
E02B96	Apple
E02CB2	Lenovo
E02E3F	Huawei
E0338E	Apple
E03676	Huawei
E0383F	ZTE
E03F49	ASUS
E04007	Huawei
E04027	Huawei
E04102	ZTE
E04123	Huawei
E0426D	OPPO
E04BA6	Huawei
E04C12	realme
E04E5D	Huawei
E05F45	Apple
E06267	Xiaomi
E06678	Apple
E06CC5	Huawei
E06D17	Apple
E0757D	Motorola
E07726	Huawei
E07C13	ZTE
E0806B	Xiaomi
E0897E	Apple
E08E3C	ZTE
E0925C	Apple
E09796	Huawei
E09861	Motorola
E09971	Samsung
E09D13	Samsung
E09D1E	ZTE
E0A1CE	ZTE
E0A366	Motorola
E0A3AC	Huawei
E0A447	ZTE
E0AA96	Samsung
E0ACCB	Apple
E0AD9B	Huawei
E0AEA2	Huawei
E0B52D	Apple
E0B55F	Apple
E0B655	Xiaomi
E0B668	ZTE
E0B9BA	Apple
E0BA78	Apple
E0BDA0	Apple
E0BFB2	Apple
E0C0B4	Huawei
E0C29E	ZTE
E0C377	Samsung
E0C3EA	Apple
E0C3F3	ZTE
E0C767	Apple
E0C97A	Apple
E0CB4E	ASUS
E0CBEE	Samsung
E0CC7A	Huawei
E0CCF8	Xiaomi
E0CDB8	Huawei
E0D083	Samsung
E0D462	Huawei
E0DA90	Huawei
E0DAD7	ZTE
E0DB10	Samsung
E0DCFF	Xiaomi
E0DDC0	vivo
E0E0FC	Huawei
E0E37C	Huawei
E0EB40	Apple
E0F330	Huawei
E0F442	Huawei
E0F5C6	Apple
E0F847	Apple
E4013B	Apple
E406E0	Huawei
E4072B	Huawei
E407B4	Huawei
E40A16	Huawei
E40CFD	OPPO
E40EEE	Huawei
E41088	Samsung
E4121D	Samsung
E419C1	Huawei
E41B43	Xiaomi
E425E7	Apple
E4268B	Huawei
E426D5	Motorola
E42761	Honor
E42B34	Apple
E42F37	Apple
E432CB	Samsung
E433AE	OPPO
E43493	Huawei
E435C8	Huawei
E43EC6	Huawei
E44097	OPPO
E440E2	Samsung
E44122	OnePlus
E441D4	vivo
E44389	Apple
E44519	Xiaomi
E446DA	Xiaomi
E44790	OPPO
E447B3	ZTE
E44E12	ZTE
E450EB	Apple
E45341	Apple
E454E5	Huawei
E45768	vivo
E458B8	Samsung
E458E7	Samsung
E45AA2	vivo
E45BB3	ZTE
E45D75	Samsung
E45E1B	Google
E4604D	ZTE
E466AB	ZTE
E468A3	Huawei
E46A35	realme
E47010	Apple
E472E2	Huawei
E47319	Huawei
E47684	Apple
E47723	ZTE
E47727	Huawei
E47CF9	Samsung
E47DBD	Samsung
E47E66	Huawei
E47E9A	ZTE
E47F3C	ZTE
E48210	Huawei
E48326	Huawei
E484D3	Xiaomi
E48B7F	Apple
E48C73	realme
E48EC5	Huawei
E48F1D	Huawei
E4902A	Huawei
E4907E	Motorola
E490FD	Apple
E49282	Samsung
E492FB	Samsung
E4936A	OPPO
E49652	vivo
E498D6	Apple
E4995F	Huawei
E49A79	Apple
E49ADC	Apple
E49C67	Apple
E49F7D	Samsung
E4A430	Samsung
E4A7C5	Huawei
E4A7D0	Huawei
E4A8B6	Huawei
E4AAE4	Xiaomi
E4B021	Samsung
E4B107	Huawei
E4B16C	Apple
E4B224	Huawei
E4B2FB	Apple
E4B503	realme
E4B555	Huawei
E4BCAA	Xiaomi
E4BD4B	ZTE
E4BEFB	Huawei
E4C0FE	Apple
E4C2D1	Huawei
E4C483	OPPO
E4C63D	Apple
E4CA12	ZTE
E4CDA7	ZTE
E4CE8F	Apple
E4D373	Huawei
E4D398	Xiaomi
E4DB6D	Xiaomi
E4DC43	Huawei
E4DCCC	Huawei
E4E0A6	Apple
E4E0C5	Samsung
E4E26C	OPPO
E4E4AB	Apple
E4ECE8	Samsung
E4F042	Google
E4F1D4	vivo
E4F3C4	Samsung
E4F8EF	Samsung
E4FAED	Samsung
E4FB5D	Huawei
E4FDA1	Huawei
E4FE43	Xiaomi
E8039A	Samsung
E8040B	Apple
E80688	Apple
E8088B	Huawei
E808AF	ZTE
E81132	Samsung
E8136E	Huawei
E81CD8	Apple
E81E92	Huawei
E8288D	Huawei
E82BC5	Huawei
E83617	Apple
E83A12	Samsung
E83F67	Huawei
E84368	ZTE
E84A54	Xiaomi
E84A78	Apple
E84D74	Huawei
E84DD0	Huawei
E84E84	Samsung
E84EBA	Google
E84FA7	Huawei
E8508B	Samsung
E85497	Samsung
E8567A	ZTE
E85A8B	Xiaomi
E85B5B	LG
E85F02	Apple
E85FB4	Xiaomi
E86819	Huawei
E868B1	OPPO
E86DCB	Samsung
E86DE9	Huawei
E86E44	ZTE
E87865	Apple
E87E1C	Huawei
E87EEF	Xiaomi
E87F6B	Samsung
E87F95	Apple
E8802E	Apple
E880E7	Huawei
E88152	Apple
E88175	ZTE
E884C6	Huawei
E8854B	Apple
E88843	Xiaomi
E88D28	Apple
E89120	Motorola
E892A4	LG
E89309	Samsung
E89847	Xiaomi
E898EE	Apple
E899C4	HTC
E89C25	ASUS
E8A1F8	ZTE
E8A34E	Huawei
E8A660	Huawei
E8A6CA	Huawei
E8A730	Apple
E8AACB	Samsung
E8ABF3	Huawei
E8AC23	Huawei
E8ACAD	ZTE
E8B2AC	Apple
E8B4C8	Samsung
E8B541	ZTE
E8BA17	Xiaomi
E8BBA8	OPPO
E8BDD1	Huawei
E8C386	Apple
E8C3C5	Huawei
E8C913	Samsung
E8CD2D	Huawei
E8D52B	Google
E8D765	Huawei
E8D775	Huawei
E8DA3E	Huawei
E8E5D6	Samsung
E8E7C3	ZTE
E8EA34	Huawei
E8EA4D	Huawei
E8F085	Huawei
E8F654	Huawei
E8F72F	Huawei
E8F791	Xiaomi
E8F9D4	Huawei
E8FA23	Huawei
E8FBE9	Apple
E8FD35	Huawei
E8FEBE	Apple
E8FF98	Huawei
E8FFF4	Apple
EC01EE	OPPO
EC08E5	Motorola
EC0D51	Apple
EC1055	Xiaomi
EC107B	Samsung
EC1A02	Huawei
EC1D53	Huawei
EC1D7F	ZTE
EC1F72	Samsung
EC2150	vivo
EC233D	Huawei
EC237B	ZTE
EC2651	Apple
EC28D3	Apple
EC2C0D	Apple
EC2C73	Apple
EC2CE2	Apple
EC2F90	OPPO
EC30B3	Xiaomi
EC3586	Apple
EC388F	Huawei
EC3A52	Huawei
EC3CBB	Huawei
EC4118	Xiaomi
EC4269	Nokia / HMD
EC42CC	Apple
EC4654	Apple
EC4D3E	Xiaomi
EC4D47	Huawei
EC51BC	OPPO
EC536F	Huawei
EC5382	Honor
EC551C	Huawei
EC5623	Huawei
EC5AA3	Huawei
EC6488	Honor
EC6CB5	ZTE
EC725B	ZTE
EC7379	Apple
EC753E	Huawei
EC79C0	ZTE
EC7C2C	Huawei
EC7CB6	Samsung
EC7D11	vivo
EC8150	Apple
EC8152	Huawei
EC819C	Huawei
EC8263	ZTE
EC852F	Apple
EC8892	Motorola
EC8914	Huawei
EC89F5	Lenovo
EC8A4C	ZTE
EC8C9A	Huawei
EC90C1	Samsung
EC97A2	Apple
EC9BF3	Samsung
ECA1D1	Huawei
ECA62F	Huawei
ECA907	Apple
ECAA25	Samsung
ECAA8F	Huawei
ECADB8	Apple
ECB550	Samsung
ECB878	Huawei
ECB9A5	Huawei
ECC01B	Huawei
ECC342	ZTE
ECC3B0	ZTE
ECC5D2	Huawei
ECCB30	Huawei
ECCED7	Apple
ECD09F	Xiaomi
ECD508	Apple
ECDCAA	Apple
ECDF3A	vivo
ECE09B	Samsung
ECE61D	Huawei
ECE9D2	Apple
ECE9F5	Huawei
ECED73	Motorola
ECF0FE	ZTE
ECF342	OPPO
ECF8D0	Huawei
ECFA5C	Xiaomi
ECFF3A	Apple
F004E1	Apple
F0051B	Samsung
F008F1	Samsung
F00C51	ZTE
F00FEC	Huawei
F01898	Apple
F01B24	ZTE
F01B6C	vivo
F01C13	LG
F01FC7	Apple
F0210E	Huawei
F02475	Apple
F0258E	Huawei
F025B7	Samsung
F027A0	Apple
F02F4B	Apple
F02F74	ASUS
F02FA7	Huawei
F02FBA	Apple
F033E5	Huawei
F037CF	Huawei
F03965	Samsung
F03F95	Huawei
F040D9	Apple
F042F5	Huawei
F04347	Huawei
F05501	Huawei
F05A09	Samsung
F05B7B	Samsung
F05C0E	Huawei
F05C77	Google
F05CD5	Apple
F05D88	Huawei
F0625A	realme
F063F9	Huawei
F065AE	Samsung
F06728	OPPO
F067B1	Samsung
F06BCA	Samsung
F06C5D	Xiaomi
F06D78	OPPO
F0704F	Samsung
F0728C	Samsung
F072EA	Google
F0766F	Apple
F07807	Apple
F07959	ASUS
F07960	Apple
F079E8	OPPO
F07A55	ZTE
F084C9	ZTE
F08A76	Samsung
F09838	Huawei
F0989D	Apple
F099B6	Apple
F099BF	Apple
F09BB8	Huawei
F0A0B1	Huawei
F0A35A	Apple
F0A4EA	Huawei
F0A951	Huawei
F0AB1F	ZTE
F0B0E7	Apple
F0B13F	Huawei
F0B3EC	Apple
F0B429	Xiaomi
F0B479	Apple
F0B715	Huawei
F0BDEE	Huawei
F0C1F1	Apple
F0C371	Apple
F0C42F	Huawei
F0C478	Huawei
F0C725	Apple
F0C850	Huawei
F0C8B5	Huawei
F0CBA1	Apple
F0CD31	Samsung
F0D1A9	Apple
F0D31F	Apple
F0D635	Apple
F0D793	Apple
F0D7AA	Motorola
F0D7EE	Huawei
F0DBE2	Apple
F0DBF8	Apple
F0DCE2	Apple
F0E426	Samsung
F0E4A2	Huawei
F0E77E	Samsung
F0ED19	ZTE
F0EE10	Samsung
F0EE7A	Apple
F0EF86	Google
F0F564	Samsung
F0F61C	Apple
F0F7E7	Huawei
F0F7FC	Huawei
F0F832	Google
F0FAC7	Huawei
F0FEE7	Huawei
F400A2	Samsung
F40228	Samsung
F40304	Google
F40616	Apple
F406A3	Huawei
F409D8	Samsung
F40E01	Apple
F40E22	Samsung
F40F24	Apple
F412DA	ZTE
F41A9C	Xiaomi
F41AF7	ZTE
F41BA1	Apple
F41D6B	Huawei
F41F88	ZTE
F421CA	Apple
F4248B	Huawei
F425FE	Huawei
F42981	vivo
F42B8C	Samsung
F42D06	ZTE
F42E48	ZTE
F4308B	Xiaomi
F431C3	Apple
F433B7	Apple
F434F0	Apple
F437B7	Apple
F438C1	Huawei
F439A6	Apple
F43A7B	ZTE
F4419E	Huawei
F4428F	Samsung
F44588	Huawei
F44C7F	Huawei
F45293	Apple
F453E4	Huawei
F4559C	Huawei
F45B29	Huawei
F45C42	Huawei
F45C89	Apple
F460E2	Xiaomi
F462DC	Huawei
F4631F	Huawei
F463FC	vivo
F465A6	Apple
F46802	Huawei
F46D04	ASUS
F46DE2	ZTE
F470AB	vivo
F47190	Samsung
F478AC	Apple
F47946	Huawei
F47960	Huawei
F47B5E	Samsung
F47D8F	Google
F47DEF	Samsung
F481C4	Apple
F487C5	Huawei
F48918	Huawei
F48B32	Xiaomi
F48E92	Huawei
F49F54	Samsung
F49FF3	Huawei
F4A157	Huawei
F4A1A6	Apple
F4A310	Apple
F4A4D6	Huawei
F4A59D	Huawei
F4A9A7	Honor
F4AFE7	Apple
F4B24E	Huawei
F4B599	Apple
F4B5AA	ZTE
F4B78D	Huawei
F4B7B3	vivo
F4B8A7	ZTE
F4BBC7	vivo
F4BEEC	Apple
F4BF80	Huawei
F4C248	Samsung
F4C714	Huawei
F4CB52	Huawei
F4CBE7	Apple
F4D488	Apple
F4D620	OPPO
F4D7E4	realme
F4D9FB	Samsung
F4DBE3	Apple
F4DCF9	Huawei
F4DD06	Samsung
F4DEAF	Huawei
F4E3FB	Huawei
F4E451	Huawei
F4E4AD	ZTE
F4E5F2	Huawei
F4E84F	ZTE
F4E8C7	Apple
F4F15A	Apple
F4F1E1	Motorola
F4F28A	Huawei
F4F309	Samsung
F4F524	Motorola
F4F5D8	Google
F4F5DB	Xiaomi
F4F5E8	Google
F4F647	ZTE
F4F951	Apple
F4FBB8	Huawei
F4FC49	ZTE
F4FE3E	Apple
F4FEFB	Samsung
F800A1	Huawei
F80113	Huawei
F801B4	LG
F80377	Apple
F8042E	Samsung
F8075D	Huawei
F80C9A	OPPO
F80CF3	LG
F80DF0	ZTE
F80FF9	Google
F81093	Apple
F81A2B	Google
F81E49	Apple
F81EDF	Apple
F81F32	Motorola
F820A9	Huawei
F82111	Nokia / HMD
F823B2	Huawei
F82793	Apple
F828C9	Huawei
F8293A	Huawei
F82AE2	Apple
F82B7F	Huawei
F82D7C	Apple
F82E3F	Huawei
F82F65	Huawei
F832E4	ASUS
F834E5	vivo
F83869	LG
F83880	Apple
F83B7E	Huawei
F83DFF	Huawei
F83E95	Huawei
F83F51	Samsung
F84288	Apple
F843EF	Xiaomi
F84ABF	Huawei
F84CDA	Huawei
F84D89	Apple
F84E58	Samsung
F84E73	Apple
F85329	Huawei
F856C3	ZTE
F85B6E	Samsung
F85E0B	realme
F86214	Apple
F864B8	ZTE
F8665A	Apple
F86EEE	Huawei
F86FC1	Apple
F8710C	Xiaomi
F871A6	Apple
F8731A	ZTE
F873DF	Apple
F87588	Huawei
F877B8	Samsung
F87907	Huawei
F87928	ZTE
F87D3F	Huawei
F87D76	Apple
F88306	Xiaomi
F884F2	Samsung
F887F1	Apple
F88F07	Samsung
F88FCA	Google
F89522	Huawei
F895C7	LG
F895EA	Apple
F89753	Huawei
F898B9	Huawei
F898EF	Huawei
F89A25	Huawei
F89A78	Huawei
F8A34F	ZTE
F8A45F	Xiaomi
F8A9D0	LG
F8AB82	Xiaomi
F8AD24	realme
F8ADCB	Nokia / HMD
F8AF05	Huawei
F8B132	Huawei
F8B1DD	Apple
F8BF09	Huawei
F8C39E	Huawei
F8C3CC	Apple
F8C4AE	OPPO
F8C4FA	OPPO
F8CB15	Apple
F8CFC5	Motorola
F8D0BD	Samsung
F8D3F0	Apple
F8DB7F	HTC
F8DE73	Huawei
F8DFA8	ZTE
F8E079	Motorola
F8E252	Apple
F8E5CE	Apple
F8E61A	Samsung
F8E7A0	vivo
F8E811	Huawei
F8E94E	Apple
F8EF5D	Motorola
F8F1B6	Motorola
F8F1E6	Samsung
F8F58C	Apple
F8F7B9	Huawei
F8FFC2	Apple
FC0012	Samsung
FC0296	Xiaomi
FC039F	Samsung
FC041C	OPPO
FC0736	Huawei
FC07CD	realme
FC1193	Huawei
FC122C	Huawei
FC1803	Huawei
FC183C	Apple
FC1910	Samsung
FC1999	Xiaomi
FC1A11	vivo
FC1A46	Samsung
FC1BD1	Huawei
FC1D2A	vivo
FC1D3A	Huawei
FC1D43	Apple
FC1F19	Samsung
FC253F	Apple
FC2640	Huawei
FC2A46	realme
FC2A9C	Apple
FC2D5E	ZTE
FC315D	Apple
FC3497	ASUS
FC3F7C	Huawei
FC4009	ZTE
FC4116	Google
FC4203	Samsung
FC4345	Xiaomi
FC449F	ZTE
FC47D8	Apple
FC48EF	Huawei
FC4CEF	Huawei
FC4DA6	Huawei
FC4E6D	Huawei
FC4EA4	Apple
FC50D6	Huawei
FC51B5	Huawei
FC5557	Apple
FC5B8C	Xiaomi
FC643A	Samsung
FC64BA	Xiaomi
FC65B3	Huawei
FC66CF	Apple
FC6E83	Samsung
FC73FB	Huawei
FC79DD	Huawei
FC8417	Honor
FC862A	Huawei
FC8743	Huawei
FC8827	Apple
FC8A3D	ZTE
FC8AF7	ZTE
FC8F90	Samsung
FC915D	Google
FC931D	Huawei
FC936B	Samsung
FC9435	Huawei
FC94CE	ZTE
FC9CA7	Apple
FC9DD2	Apple
FCA0F3	Huawei
FCA13E	Samsung
FCA27E	Huawei
FCA5C8	Apple
FCA5D0	OPPO
FCA621	Samsung
FCA9F5	Xiaomi
FCAA81	Apple
FCAAB6	Samsung
FCAB90	Huawei
FCABD0	vivo
FCABF5	ZTE
FCB214	Apple
FCB6D8	Apple
FCB9DF	Motorola
FCBCD1	Huawei
FCBE7B	vivo
FCC17D	Xiaomi
FCC233	ASUS
FCC734	Samsung
FCC766	Huawei
FCC897	ZTE
FCD202	realme
FCD436	Motorola
FCD848	Apple
FCD908	Xiaomi
FCD96B	realme
FCDE90	Samsung
FCE1A6	Huawei
FCE26C	Apple
FCE33C	Huawei
FCE5F0	Samsung
FCE998	Apple
FCEB7B	Huawei
FCEFD7	Huawei
FCF136	Samsung
FCF738	Huawei
FCF77B	Huawei
FCFA21	ZTE
FCFC48	Apple
